START,STOP,PATIENT,ENCOUNTER,CODE,SYSTEM,DESCRIPTION,TYPE,CATEGORY,REACTION1,DESCRIPTION1,SEVERITY1,REACTION2,DESCRIPTION2,SEVERITY2
2012-07-16,,479345d0-8167-11eb-a4cc-622d00b4021a,479345d0-8167-11eb-cd88-d7fe2f553652,609328004,Unknown,Allergic disposition (finding),allergy,environment,,,,,,
2012-07-16,,479345d0-8167-11eb-a4cc-622d00b4021a,479345d0-8167-11eb-cd88-d7fe2f553652,84489001,Unknown,Mold (organism),allergy,environment,,,,,,
2012-07-16,,479345d0-8167-11eb-a4cc-622d00b4021a,479345d0-8167-11eb-cd88-d7fe2f553652,260147004,Unknown,House dust mite (organism),allergy,environment,,,,,,
2012-07-16,,479345d0-8167-11eb-a4cc-622d00b4021a,479345d0-8167-11eb-cd88-d7fe2f553652,264287008,Unknown,Animal dander (substance),allergy,environment,878820003,Rhinoconjunctivitis (disorder),MODERATE,49727002,Cough (finding),MODERATE
2012-07-16,,479345d0-8167-11eb-a4cc-622d00b4021a,479345d0-8167-11eb-cd88-d7fe2f553652,256277009,Unknown,Grass pollen (substance),allergy,environment,,,,,,
2012-07-16,,479345d0-8167-11eb-a4cc-622d00b4021a,479345d0-8167-11eb-cd88-d7fe2f553652,782576004,Unknown,Tree pollen (substance),allergy,environment,,,,,,
2012-07-16,,479345d0-8167-11eb-a4cc-622d00b4021a,479345d0-8167-11eb-cd88-d7fe2f553652,256355007,Unknown,Glycine max (substance),allergy,food,62315008,Diarrhea (finding),MILD,,,
2012-07-16,,479345d0-8167-11eb-a4cc-622d00b4021a,479345d0-8167-11eb-cd88-d7fe2f553652,412071004,Unknown,Wheat (substance),allergy,food,39579001,Anaphylaxis (disorder),SEVERE,271807003,Eruption of skin (disorder),MODERATE
2012-07-16,,479345d0-8167-11eb-a4cc-622d00b4021a,479345d0-8167-11eb-cd88-d7fe2f553652,762952008,Unknown,Peanut (substance),allergy,food,247472004,Wheal (finding),MODERATE,402387002,Allergic angioedema (disorder),MODERATE
2022-07-03,,40717062-ac82-8880-c30f-92c0536e46fe,40717062-ac82-8880-f060-1a95f8b247b8,609328004,Unknown,Allergic disposition (finding),allergy,environment,,,,,,
2022-07-03,,40717062-ac82-8880-c30f-92c0536e46fe,40717062-ac82-8880-f060-1a95f8b247b8,111088007,Unknown,Latex (substance),allergy,environment,247472004,Wheal (finding),MILD,,,
2022-07-03,,40717062-ac82-8880-c30f-92c0536e46fe,40717062-ac82-8880-f060-1a95f8b247b8,84489001,Unknown,Mold (organism),allergy,environment,,,,,,
2022-07-03,,40717062-ac82-8880-c30f-92c0536e46fe,40717062-ac82-8880-f060-1a95f8b247b8,260147004,Unknown,House dust mite (organism),allergy,environment,,,,,,
2022-07-03,,40717062-ac82-8880-c30f-92c0536e46fe,40717062-ac82-8880-f060-1a95f8b247b8,264287008,Unknown,Animal dander (substance),allergy,environment,878820003,Rhinoconjunctivitis (disorder),MODERATE,267036007,Dyspnea (finding),MILD
2022-07-03,,40717062-ac82-8880-c30f-92c0536e46fe,40717062-ac82-8880-f060-1a95f8b247b8,256277009,Unknown,Grass pollen (substance),allergy,environment,,,,,,
2022-07-03,,40717062-ac82-8880-c30f-92c0536e46fe,40717062-ac82-8880-f060-1a95f8b247b8,782576004,Unknown,Tree pollen (substance),allergy,environment,,,,,,
2010-12-08,,0fb1f94d-aab1-c1c7-fb57-2cbd04df5d21,0fb1f94d-aab1-c1c7-c128-35de8e6688fb,609328004,Unknown,Allergic disposition (finding),allergy,environment,,,,,,
2010-12-08,,0fb1f94d-aab1-c1c7-fb57-2cbd04df5d21,0fb1f94d-aab1-c1c7-c128-35de8e6688fb,10831,Unknown,Sulfamethoxazole / Trimethoprim,allergy,medication,271807003,Eruption of skin (disorder),MODERATE,,,
2010-12-08,,0fb1f94d-aab1-c1c7-fb57-2cbd04df5d21,0fb1f94d-aab1-c1c7-c128-35de8e6688fb,412071004,Unknown,Wheat (substance),allergy,food,271807003,Eruption of skin (disorder),MODERATE,,,
2014-11-14,,24c2edf3-9fd0-8a75-4781-52dc29700387,24c2edf3-9fd0-8a75-21ae-19a42c67281d,609328004,Unknown,Allergic disposition (finding),allergy,environment,,,,,,
2014-11-14,,24c2edf3-9fd0-8a75-4781-52dc29700387,24c2edf3-9fd0-8a75-21ae-19a42c67281d,84489001,Unknown,Mold (organism),allergy,environment,,,,,,
2014-11-14,,24c2edf3-9fd0-8a75-4781-52dc29700387,24c2edf3-9fd0-8a75-21ae-19a42c67281d,260147004,Unknown,House dust mite (organism),allergy,environment,,,,,,
2014-11-14,,24c2edf3-9fd0-8a75-4781-52dc29700387,24c2edf3-9fd0-8a75-21ae-19a42c67281d,264287008,Unknown,Animal dander (substance),allergy,environment,878820003,Rhinoconjunctivitis (disorder),MODERATE,271807003,Eruption of skin (disorder),MILD
2014-11-14,,24c2edf3-9fd0-8a75-4781-52dc29700387,24c2edf3-9fd0-8a75-21ae-19a42c67281d,256277009,Unknown,Grass pollen (substance),allergy,environment,,,,,,
2014-11-14,,24c2edf3-9fd0-8a75-4781-52dc29700387,24c2edf3-9fd0-8a75-21ae-19a42c67281d,782576004,Unknown,Tree pollen (substance),allergy,environment,,,,,,
2014-11-14,,24c2edf3-9fd0-8a75-4781-52dc29700387,24c2edf3-9fd0-8a75-21ae-19a42c67281d,29046,Unknown,Lisinopril,intolerance,medication,,,,,,
2014-11-14,,24c2edf3-9fd0-8a75-4781-52dc29700387,24c2edf3-9fd0-8a75-21ae-19a42c67281d,1191,Unknown,Aspirin,allergy,medication,21522001,Abdominal pain (finding),MODERATE,,,
2014-11-14,,24c2edf3-9fd0-8a75-4781-52dc29700387,24c2edf3-9fd0-8a75-21ae-19a42c67281d,3718001,Unknown,Cow's milk (substance),allergy,food,,,,,,
2009-09-14,,3d663070-6c46-19da-3200-1607ec5da46a,3d663070-6c46-19da-08c3-70e5a5ee29f3,609328004,Unknown,Allergic disposition (finding),allergy,environment,,,,,,
2009-09-14,,3d663070-6c46-19da-3200-1607ec5da46a,3d663070-6c46-19da-08c3-70e5a5ee29f3,111088007,Unknown,Latex (substance),allergy,environment,402387002,Allergic angioedema (disorder),MODERATE,247472004,Wheal (finding),MILD
2009-09-14,,3d663070-6c46-19da-3200-1607ec5da46a,3d663070-6c46-19da-08c3-70e5a5ee29f3,84489001,Unknown,Mold (organism),allergy,environment,,,,,,
2009-09-14,,3d663070-6c46-19da-3200-1607ec5da46a,3d663070-6c46-19da-08c3-70e5a5ee29f3,260147004,Unknown,House dust mite (organism),allergy,environment,,,,,,
2009-09-14,,3d663070-6c46-19da-3200-1607ec5da46a,3d663070-6c46-19da-08c3-70e5a5ee29f3,264287008,Unknown,Animal dander (substance),allergy,environment,878820003,Rhinoconjunctivitis (disorder),MODERATE,,,
2009-09-14,,3d663070-6c46-19da-3200-1607ec5da46a,3d663070-6c46-19da-08c3-70e5a5ee29f3,256277009,Unknown,Grass pollen (substance),allergy,environment,,,,,,
2009-09-14,,3d663070-6c46-19da-3200-1607ec5da46a,3d663070-6c46-19da-08c3-70e5a5ee29f3,782576004,Unknown,Tree pollen (substance),allergy,environment,,,,,,
2009-09-14,,3d663070-6c46-19da-3200-1607ec5da46a,3d663070-6c46-19da-08c3-70e5a5ee29f3,735029006,Unknown,Shellfish (substance),allergy,food,39579001,Anaphylaxis (disorder),SEVERE,271807003,Eruption of skin (disorder),MODERATE
1989-06-16,,748147ff-a99b-ed14-cb07-c050181a1b76,748147ff-a99b-ed14-ea88-393e08047b2b,609328004,Unknown,Allergic disposition (finding),allergy,environment,,,,,,
1989-06-16,,748147ff-a99b-ed14-cb07-c050181a1b76,748147ff-a99b-ed14-ea88-393e08047b2b,260147004,Unknown,House dust mite (organism),allergy,environment,,,,,,
1989-06-16,,748147ff-a99b-ed14-cb07-c050181a1b76,748147ff-a99b-ed14-ea88-393e08047b2b,782576004,Unknown,Tree pollen (substance),allergy,environment,,,,,,
1998-02-06,,b30cd996-ba31-a624-7e49-4598ffeba46f,b30cd996-ba31-a624-e058-46f4c9cf02f1,609328004,Unknown,Allergic disposition (finding),allergy,environment,,,,,,
1998-02-06,,b30cd996-ba31-a624-7e49-4598ffeba46f,b30cd996-ba31-a624-e058-46f4c9cf02f1,84489001,Unknown,Mold (organism),allergy,environment,76067001,Sneezing (finding),MILD,,,
1998-02-06,,b30cd996-ba31-a624-7e49-4598ffeba46f,b30cd996-ba31-a624-e058-46f4c9cf02f1,260147004,Unknown,House dust mite (organism),allergy,environment,,,,,,
1998-02-06,,b30cd996-ba31-a624-7e49-4598ffeba46f,b30cd996-ba31-a624-e058-46f4c9cf02f1,264287008,Unknown,Animal dander (substance),allergy,environment,878820003,Rhinoconjunctivitis (disorder),MODERATE,247472004,Wheal (finding),MILD
1998-02-06,,b30cd996-ba31-a624-7e49-4598ffeba46f,b30cd996-ba31-a624-e058-46f4c9cf02f1,256277009,Unknown,Grass pollen (substance),allergy,environment,,,,,,
1998-02-06,,b30cd996-ba31-a624-7e49-4598ffeba46f,b30cd996-ba31-a624-e058-46f4c9cf02f1,782576004,Unknown,Tree pollen (substance),allergy,environment,,,,,,
1998-02-06,,b30cd996-ba31-a624-7e49-4598ffeba46f,b30cd996-ba31-a624-e058-46f4c9cf02f1,3718001,Unknown,Cow's milk (substance),allergy,food,300359004,Finding of vomiting (finding),MODERATE,62315008,Diarrhea (finding),MILD
1998-02-06,,b30cd996-ba31-a624-7e49-4598ffeba46f,b30cd996-ba31-a624-e058-46f4c9cf02f1,442571000124108,Unknown,Tree nut (substance),allergy,food,247472004,Wheal (finding),MODERATE,271807003,Eruption of skin (disorder),MODERATE
1987-04-08,,efbc74f6-1081-09e1-8349-a75928f6662f,efbc74f6-1081-09e1-dfca-c3bd424fb0c0,609328004,Unknown,Allergic disposition (finding),allergy,environment,,,,,,
1987-04-08,,efbc74f6-1081-09e1-8349-a75928f6662f,efbc74f6-1081-09e1-dfca-c3bd424fb0c0,111088007,Unknown,Latex (substance),allergy,environment,247472004,Wheal (finding),MILD,271807003,Eruption of skin (disorder),MILD
1987-04-08,,efbc74f6-1081-09e1-8349-a75928f6662f,efbc74f6-1081-09e1-dfca-c3bd424fb0c0,84489001,Unknown,Mold (organism),allergy,environment,76067001,Sneezing (finding),MILD,,,
1987-04-08,,efbc74f6-1081-09e1-8349-a75928f6662f,efbc74f6-1081-09e1-dfca-c3bd424fb0c0,260147004,Unknown,House dust mite (organism),allergy,environment,,,,,,
1987-04-08,,efbc74f6-1081-09e1-8349-a75928f6662f,efbc74f6-1081-09e1-dfca-c3bd424fb0c0,264287008,Unknown,Animal dander (substance),allergy,environment,878820003,Rhinoconjunctivitis (disorder),MODERATE,49727002,Cough (finding),MODERATE
1987-04-08,,efbc74f6-1081-09e1-8349-a75928f6662f,efbc74f6-1081-09e1-dfca-c3bd424fb0c0,256277009,Unknown,Grass pollen (substance),allergy,environment,,,,,,
1987-04-08,,efbc74f6-1081-09e1-8349-a75928f6662f,efbc74f6-1081-09e1-dfca-c3bd424fb0c0,782576004,Unknown,Tree pollen (substance),allergy,environment,,,,,,
1975-06-23,,c24cfc7d-e34c-9571-bf09-24604f3d013f,c24cfc7d-e34c-9571-79a7-3d03e0528d27,609328004,Unknown,Allergic disposition (finding),allergy,environment,,,,,,
1975-06-23,,c24cfc7d-e34c-9571-bf09-24604f3d013f,c24cfc7d-e34c-9571-79a7-3d03e0528d27,264287008,Unknown,Animal dander (substance),allergy,environment,878820003,Rhinoconjunctivitis (disorder),MODERATE,247472004,Wheal (finding),MILD
1975-06-23,,c24cfc7d-e34c-9571-bf09-24604f3d013f,c24cfc7d-e34c-9571-79a7-3d03e0528d27,735029006,Unknown,Shellfish (substance),allergy,food,39579001,Anaphylaxis (disorder),SEVERE,271807003,Eruption of skin (disorder),MODERATE
1969-05-01,,5024b3bf-8d87-cd74-6f5a-b3d4045b79e2,5024b3bf-8d87-cd74-ff5a-25103270c48f,609328004,Unknown,Allergic disposition (finding),allergy,environment,,,,,,
1969-05-01,,5024b3bf-8d87-cd74-6f5a-b3d4045b79e2,5024b3bf-8d87-cd74-ff5a-25103270c48f,264287008,Unknown,Animal dander (substance),allergy,environment,,,,,,
1969-05-01,,5024b3bf-8d87-cd74-6f5a-b3d4045b79e2,5024b3bf-8d87-cd74-ff5a-25103270c48f,7984,Unknown,Penicillin V,allergy,medication,247472004,Wheal (finding),MILD,271807003,Eruption of skin (disorder),MILD
2018-08-25,,92b0293a-879c-8fc4-0826-a9763e4b1338,92b0293a-879c-8fc4-704b-7af71392bedc,609328004,Unknown,Allergic disposition (finding),allergy,environment,,,,,,
2018-08-25,,92b0293a-879c-8fc4-0826-a9763e4b1338,92b0293a-879c-8fc4-704b-7af71392bedc,111088007,Unknown,Latex (substance),allergy,environment,247472004,Wheal (finding),MILD,,,
2018-08-25,,92b0293a-879c-8fc4-0826-a9763e4b1338,92b0293a-879c-8fc4-704b-7af71392bedc,84489001,Unknown,Mold (organism),allergy,environment,76067001,Sneezing (finding),MILD,,,
2018-08-25,,92b0293a-879c-8fc4-0826-a9763e4b1338,92b0293a-879c-8fc4-704b-7af71392bedc,260147004,Unknown,House dust mite (organism),allergy,environment,,,,,,
2018-08-25,,92b0293a-879c-8fc4-0826-a9763e4b1338,92b0293a-879c-8fc4-704b-7af71392bedc,264287008,Unknown,Animal dander (substance),allergy,environment,,,,,,
2018-08-25,,92b0293a-879c-8fc4-0826-a9763e4b1338,92b0293a-879c-8fc4-704b-7af71392bedc,256277009,Unknown,Grass pollen (substance),allergy,environment,,,,,,
2018-08-25,,92b0293a-879c-8fc4-0826-a9763e4b1338,92b0293a-879c-8fc4-704b-7af71392bedc,782576004,Unknown,Tree pollen (substance),allergy,environment,,,,,,
2018-08-25,,92b0293a-879c-8fc4-0826-a9763e4b1338,92b0293a-879c-8fc4-704b-7af71392bedc,3718001,Unknown,Cow's milk (substance),allergy,food,271807003,Eruption of skin (disorder),MODERATE,62315008,Diarrhea (finding),MILD
1984-01-18,,6187cb6c-1a0c-b69d-be98-2e85990aaf15,6187cb6c-1a0c-b69d-e752-c8b6d8fbcb5a,609328004,Unknown,Allergic disposition (finding),allergy,environment,,,,,,
1984-01-18,,6187cb6c-1a0c-b69d-be98-2e85990aaf15,6187cb6c-1a0c-b69d-e752-c8b6d8fbcb5a,111088007,Unknown,Latex (substance),allergy,environment,39579001,Anaphylaxis (disorder),SEVERE,247472004,Wheal (finding),MILD
1984-01-18,,6187cb6c-1a0c-b69d-be98-2e85990aaf15,6187cb6c-1a0c-b69d-e752-c8b6d8fbcb5a,84489001,Unknown,Mold (organism),allergy,environment,,,,,,
1984-01-18,,6187cb6c-1a0c-b69d-be98-2e85990aaf15,6187cb6c-1a0c-b69d-e752-c8b6d8fbcb5a,260147004,Unknown,House dust mite (organism),allergy,environment,,,,,,
1984-01-18,,6187cb6c-1a0c-b69d-be98-2e85990aaf15,6187cb6c-1a0c-b69d-e752-c8b6d8fbcb5a,264287008,Unknown,Animal dander (substance),allergy,environment,878820003,Rhinoconjunctivitis (disorder),MODERATE,271807003,Eruption of skin (disorder),MILD
1984-01-18,,6187cb6c-1a0c-b69d-be98-2e85990aaf15,6187cb6c-1a0c-b69d-e752-c8b6d8fbcb5a,256277009,Unknown,Grass pollen (substance),allergy,environment,,,,,,
1984-01-18,,6187cb6c-1a0c-b69d-be98-2e85990aaf15,6187cb6c-1a0c-b69d-e752-c8b6d8fbcb5a,782576004,Unknown,Tree pollen (substance),allergy,environment,,,,,,
1984-01-18,,6187cb6c-1a0c-b69d-be98-2e85990aaf15,6187cb6c-1a0c-b69d-e752-c8b6d8fbcb5a,10831,Unknown,Sulfamethoxazole / Trimethoprim,allergy,medication,271807003,Eruption of skin (disorder),MODERATE,,,
1984-01-18,,6187cb6c-1a0c-b69d-be98-2e85990aaf15,6187cb6c-1a0c-b69d-e752-c8b6d8fbcb5a,3718001,Unknown,Cow's milk (substance),allergy,food,402387002,Allergic angioedema (disorder),MODERATE,62315008,Diarrhea (finding),MILD
1984-01-18,,6187cb6c-1a0c-b69d-be98-2e85990aaf15,6187cb6c-1a0c-b69d-e752-c8b6d8fbcb5a,442571000124108,Unknown,Tree nut (substance),allergy,food,39579001,Anaphylaxis (disorder),SEVERE,247472004,Wheal (finding),MODERATE
1964-02-22,,dfacc386-4f56-e2be-7518-b41944b8c891,dfacc386-4f56-e2be-8bae-36c57dad7d2b,609328004,Unknown,Allergic disposition (finding),allergy,environment,,,,,,
1964-02-22,,dfacc386-4f56-e2be-7518-b41944b8c891,dfacc386-4f56-e2be-8bae-36c57dad7d2b,264287008,Unknown,Animal dander (substance),allergy,environment,878820003,Rhinoconjunctivitis (disorder),MODERATE,247472004,Wheal (finding),MILD
1964-02-22,,dfacc386-4f56-e2be-7518-b41944b8c891,dfacc386-4f56-e2be-8bae-36c57dad7d2b,29046,Unknown,Lisinopril,intolerance,medication,49727002,Cough (finding),MODERATE,,,
1964-02-22,,dfacc386-4f56-e2be-7518-b41944b8c891,dfacc386-4f56-e2be-8bae-36c57dad7d2b,7984,Unknown,Penicillin V,allergy,medication,,,,,,
1964-02-22,,dfacc386-4f56-e2be-7518-b41944b8c891,dfacc386-4f56-e2be-8bae-36c57dad7d2b,762952008,Unknown,Peanut (substance),allergy,food,247472004,Wheal (finding),MODERATE,267036007,Dyspnea (finding),MILD
2001-11-24,,b59fc3d0-91c0-9e2d-5439-71b734002119,b59fc3d0-91c0-9e2d-c3e7-06182246ef5f,609328004,Unknown,Allergic disposition (finding),allergy,environment,,,,,,
2001-11-24,,b59fc3d0-91c0-9e2d-5439-71b734002119,b59fc3d0-91c0-9e2d-c3e7-06182246ef5f,111088007,Unknown,Latex (substance),allergy,environment,247472004,Wheal (finding),MILD,,,
2001-11-24,,b59fc3d0-91c0-9e2d-5439-71b734002119,b59fc3d0-91c0-9e2d-c3e7-06182246ef5f,84489001,Unknown,Mold (organism),allergy,environment,21626009,Cutaneous hypersensitivity (disorder),MILD,,,
2001-11-24,,b59fc3d0-91c0-9e2d-5439-71b734002119,b59fc3d0-91c0-9e2d-c3e7-06182246ef5f,260147004,Unknown,House dust mite (organism),allergy,environment,,,,,,
2001-11-24,,b59fc3d0-91c0-9e2d-5439-71b734002119,b59fc3d0-91c0-9e2d-c3e7-06182246ef5f,264287008,Unknown,Animal dander (substance),allergy,environment,878820003,Rhinoconjunctivitis (disorder),MODERATE,267036007,Dyspnea (finding),MILD
2001-11-24,,b59fc3d0-91c0-9e2d-5439-71b734002119,b59fc3d0-91c0-9e2d-c3e7-06182246ef5f,256277009,Unknown,Grass pollen (substance),allergy,environment,,,,,,
2001-11-24,,b59fc3d0-91c0-9e2d-5439-71b734002119,b59fc3d0-91c0-9e2d-c3e7-06182246ef5f,782576004,Unknown,Tree pollen (substance),allergy,environment,,,,,,
2001-11-24,,b59fc3d0-91c0-9e2d-5439-71b734002119,b59fc3d0-91c0-9e2d-c3e7-06182246ef5f,1191,Unknown,Aspirin,allergy,medication,21522001,Abdominal pain (finding),MODERATE,,,
2001-11-24,,b59fc3d0-91c0-9e2d-5439-71b734002119,b59fc3d0-91c0-9e2d-c3e7-06182246ef5f,7984,Unknown,Penicillin V,allergy,medication,402387002,Allergic angioedema (disorder),MILD,,,
2001-11-24,,b59fc3d0-91c0-9e2d-5439-71b734002119,b59fc3d0-91c0-9e2d-c3e7-06182246ef5f,3718001,Unknown,Cow's milk (substance),allergy,food,,,,,,
2001-11-24,,b59fc3d0-91c0-9e2d-5439-71b734002119,b59fc3d0-91c0-9e2d-c3e7-06182246ef5f,102263004,Unknown,Eggs (edible) (substance),allergy,food,247472004,Wheal (finding),MODERATE,,,
1991-11-13,,76cbdae1-8dc1-dc35-7a9d-85567a603832,76cbdae1-8dc1-dc35-c405-ab99d86657be,609328004,Unknown,Allergic disposition (finding),allergy,environment,,,,,,
1991-11-13,,76cbdae1-8dc1-dc35-7a9d-85567a603832,76cbdae1-8dc1-dc35-c405-ab99d86657be,111088007,Unknown,Latex (substance),allergy,environment,418290006,Itching (finding),MODERATE,247472004,Wheal (finding),MILD
1991-11-13,,76cbdae1-8dc1-dc35-7a9d-85567a603832,76cbdae1-8dc1-dc35-c405-ab99d86657be,84489001,Unknown,Mold (organism),allergy,environment,,,,,,
1991-11-13,,76cbdae1-8dc1-dc35-7a9d-85567a603832,76cbdae1-8dc1-dc35-c405-ab99d86657be,260147004,Unknown,House dust mite (organism),allergy,environment,,,,,,
1991-11-13,,76cbdae1-8dc1-dc35-7a9d-85567a603832,76cbdae1-8dc1-dc35-c405-ab99d86657be,264287008,Unknown,Animal dander (substance),allergy,environment,878820003,Rhinoconjunctivitis (disorder),MODERATE,271807003,Eruption of skin (disorder),MILD
1991-11-13,,76cbdae1-8dc1-dc35-7a9d-85567a603832,76cbdae1-8dc1-dc35-c405-ab99d86657be,256277009,Unknown,Grass pollen (substance),allergy,environment,,,,,,
1991-11-13,,76cbdae1-8dc1-dc35-7a9d-85567a603832,76cbdae1-8dc1-dc35-c405-ab99d86657be,782576004,Unknown,Tree pollen (substance),allergy,environment,,,,,,
1991-11-13,,76cbdae1-8dc1-dc35-7a9d-85567a603832,76cbdae1-8dc1-dc35-c405-ab99d86657be,1191,Unknown,Aspirin,allergy,medication,247472004,Wheal (finding),MODERATE,21522001,Abdominal pain (finding),MODERATE
1991-11-13,,76cbdae1-8dc1-dc35-7a9d-85567a603832,76cbdae1-8dc1-dc35-c405-ab99d86657be,3718001,Unknown,Cow's milk (substance),allergy,food,247472004,Wheal (finding),MILD,,,
1991-11-13,,76cbdae1-8dc1-dc35-7a9d-85567a603832,76cbdae1-8dc1-dc35-c405-ab99d86657be,256355007,Unknown,Glycine max (substance),allergy,food,300359004,Finding of vomiting (finding),MODERATE,62315008,Diarrhea (finding),MILD
1991-11-13,,76cbdae1-8dc1-dc35-7a9d-85567a603832,76cbdae1-8dc1-dc35-c405-ab99d86657be,735971005,Unknown,Fish (substance),allergy,food,267036007,Dyspnea (finding),MODERATE,878820003,Rhinoconjunctivitis (disorder),MILD
1991-11-13,,76cbdae1-8dc1-dc35-7a9d-85567a603832,76cbdae1-8dc1-dc35-c405-ab99d86657be,762952008,Unknown,Peanut (substance),allergy,food,56018004,Wheezing (finding),MILD,,,
1967-10-12,,74fe2865-3d4a-fbe2-2a04-edbe6543d3fa,74fe2865-3d4a-fbe2-db6a-a5e6ad4adea0,609328004,Unknown,Allergic disposition (finding),allergy,environment,,,,,,
1967-10-12,,74fe2865-3d4a-fbe2-2a04-edbe6543d3fa,74fe2865-3d4a-fbe2-db6a-a5e6ad4adea0,111088007,Unknown,Latex (substance),allergy,environment,402387002,Allergic angioedema (disorder),MODERATE,878820003,Rhinoconjunctivitis (disorder),MILD
1967-10-12,,74fe2865-3d4a-fbe2-2a04-edbe6543d3fa,74fe2865-3d4a-fbe2-db6a-a5e6ad4adea0,288328004,Unknown,Bee venom (substance),allergy,environment,,,,,,
1967-10-12,,74fe2865-3d4a-fbe2-2a04-edbe6543d3fa,74fe2865-3d4a-fbe2-db6a-a5e6ad4adea0,84489001,Unknown,Mold (organism),allergy,environment,,,,,,
1967-10-12,,74fe2865-3d4a-fbe2-2a04-edbe6543d3fa,74fe2865-3d4a-fbe2-db6a-a5e6ad4adea0,260147004,Unknown,House dust mite (organism),allergy,environment,,,,,,
1967-10-12,,74fe2865-3d4a-fbe2-2a04-edbe6543d3fa,74fe2865-3d4a-fbe2-db6a-a5e6ad4adea0,264287008,Unknown,Animal dander (substance),allergy,environment,878820003,Rhinoconjunctivitis (disorder),MODERATE,267036007,Dyspnea (finding),MILD
1967-10-12,,74fe2865-3d4a-fbe2-2a04-edbe6543d3fa,74fe2865-3d4a-fbe2-db6a-a5e6ad4adea0,256277009,Unknown,Grass pollen (substance),allergy,environment,,,,,,
1967-10-12,,74fe2865-3d4a-fbe2-2a04-edbe6543d3fa,74fe2865-3d4a-fbe2-db6a-a5e6ad4adea0,782576004,Unknown,Tree pollen (substance),allergy,environment,,,,,,
1967-10-12,,74fe2865-3d4a-fbe2-2a04-edbe6543d3fa,74fe2865-3d4a-fbe2-db6a-a5e6ad4adea0,10831,Unknown,Sulfamethoxazole / Trimethoprim,allergy,medication,247472004,Wheal (finding),MODERATE,271807003,Eruption of skin (disorder),MODERATE
2018-04-20,,28f6c536-a98c-1568-e3c1-62b04b1269fd,28f6c536-a98c-1568-bd7c-6edb8ae3e19e,609328004,Unknown,Allergic disposition (finding),allergy,environment,,,,,,
1973-07-16,,b70c30ca-1864-4f1d-e59a-0bde81192436,b70c30ca-1864-4f1d-c0e7-8c703158ff29,609328004,Unknown,Allergic disposition (finding),allergy,environment,,,,,,
1973-07-16,,b70c30ca-1864-4f1d-e59a-0bde81192436,b70c30ca-1864-4f1d-c0e7-8c703158ff29,264287008,Unknown,Animal dander (substance),allergy,environment,878820003,Rhinoconjunctivitis (disorder),MODERATE,49727002,Cough (finding),MODERATE
2013-07-16,,aed48e65-99e0-5ea3-05cb-b92a5db4f689,aed48e65-99e0-5ea3-78e5-517751adc6e8,609328004,Unknown,Allergic disposition (finding),allergy,environment,,,,,,
2013-07-16,,aed48e65-99e0-5ea3-05cb-b92a5db4f689,aed48e65-99e0-5ea3-78e5-517751adc6e8,264287008,Unknown,Animal dander (substance),allergy,environment,878820003,Rhinoconjunctivitis (disorder),MODERATE,,,
2013-07-16,,aed48e65-99e0-5ea3-05cb-b92a5db4f689,aed48e65-99e0-5ea3-78e5-517751adc6e8,29046,Unknown,Lisinopril,intolerance,medication,,,,,,
2013-07-16,,aed48e65-99e0-5ea3-05cb-b92a5db4f689,aed48e65-99e0-5ea3-78e5-517751adc6e8,1191,Unknown,Aspirin,allergy,medication,39579001,Anaphylaxis (disorder),SEVERE,,,
1973-11-12,,0c8743d3-3763-1fa0-ae22-034c42c6b640,0c8743d3-3763-1fa0-8831-f69e3523f822,609328004,Unknown,Allergic disposition (finding),allergy,environment,,,,,,
1973-11-12,,0c8743d3-3763-1fa0-ae22-034c42c6b640,0c8743d3-3763-1fa0-8831-f69e3523f822,10831,Unknown,Sulfamethoxazole / Trimethoprim,allergy,medication,,,,,,
1973-11-12,,0c8743d3-3763-1fa0-ae22-034c42c6b640,0c8743d3-3763-1fa0-8831-f69e3523f822,735029006,Unknown,Shellfish (substance),allergy,food,271807003,Eruption of skin (disorder),MODERATE,247472004,Wheal (finding),MILD
2020-09-23,,5a884dba-5fe1-7bd7-57cc-2a24cc257e55,5a884dba-5fe1-7bd7-bf10-70ec380aa30b,609328004,Unknown,Allergic disposition (finding),allergy,environment,,,,,,
1995-10-19,,219a0e08-71ac-ce97-7c77-6ea16529dd25,219a0e08-71ac-ce97-3030-766474934b27,609328004,Unknown,Allergic disposition (finding),allergy,environment,,,,,,
1995-10-19,,219a0e08-71ac-ce97-7c77-6ea16529dd25,219a0e08-71ac-ce97-3030-766474934b27,84489001,Unknown,Mold (organism),allergy,environment,21626009,Cutaneous hypersensitivity (disorder),MILD,,,
1995-10-19,,219a0e08-71ac-ce97-7c77-6ea16529dd25,219a0e08-71ac-ce97-3030-766474934b27,260147004,Unknown,House dust mite (organism),allergy,environment,,,,,,
1995-10-19,,219a0e08-71ac-ce97-7c77-6ea16529dd25,219a0e08-71ac-ce97-3030-766474934b27,264287008,Unknown,Animal dander (substance),allergy,environment,878820003,Rhinoconjunctivitis (disorder),MODERATE,271807003,Eruption of skin (disorder),MILD
1995-10-19,,219a0e08-71ac-ce97-7c77-6ea16529dd25,219a0e08-71ac-ce97-3030-766474934b27,256277009,Unknown,Grass pollen (substance),allergy,environment,,,,,,
1995-10-19,,219a0e08-71ac-ce97-7c77-6ea16529dd25,219a0e08-71ac-ce97-3030-766474934b27,782576004,Unknown,Tree pollen (substance),allergy,environment,,,,,,
1995-10-19,,219a0e08-71ac-ce97-7c77-6ea16529dd25,219a0e08-71ac-ce97-3030-766474934b27,735029006,Unknown,Shellfish (substance),allergy,food,39579001,Anaphylaxis (disorder),SEVERE,271807003,Eruption of skin (disorder),MODERATE
1995-10-19,,219a0e08-71ac-ce97-7c77-6ea16529dd25,219a0e08-71ac-ce97-3030-766474934b27,762952008,Unknown,Peanut (substance),allergy,food,402387002,Allergic angioedema (disorder),MODERATE,267036007,Dyspnea (finding),MILD
1972-09-06,,1f63a383-53f8-e555-92e5-bf541f65c194,1f63a383-53f8-e555-3155-80b5c773bd0c,609328004,Unknown,Allergic disposition (finding),allergy,environment,,,,,,
1972-09-06,,1f63a383-53f8-e555-92e5-bf541f65c194,1f63a383-53f8-e555-3155-80b5c773bd0c,762952008,Unknown,Peanut (substance),allergy,food,247472004,Wheal (finding),MODERATE,402387002,Allergic angioedema (disorder),MODERATE
1989-04-09,,5a05839b-2da7-f047-6374-44356cc72674,5a05839b-2da7-f047-f096-5c949da73f7a,609328004,Unknown,Allergic disposition (finding),allergy,environment,,,,,,
1981-05-25,,81d46f5d-f872-5b74-59ea-a6df9c62bd61,81d46f5d-f872-5b74-93e4-ab5dda12b1f0,609328004,Unknown,Allergic disposition (finding),allergy,environment,,,,,,
1981-05-25,,81d46f5d-f872-5b74-59ea-a6df9c62bd61,81d46f5d-f872-5b74-93e4-ab5dda12b1f0,288328004,Unknown,Bee venom (substance),allergy,environment,271807003,Eruption of skin (disorder),MODERATE,,,
1981-05-25,,81d46f5d-f872-5b74-59ea-a6df9c62bd61,81d46f5d-f872-5b74-93e4-ab5dda12b1f0,84489001,Unknown,Mold (organism),allergy,environment,21626009,Cutaneous hypersensitivity (disorder),MILD,,,
1981-05-25,,81d46f5d-f872-5b74-59ea-a6df9c62bd61,81d46f5d-f872-5b74-93e4-ab5dda12b1f0,260147004,Unknown,House dust mite (organism),allergy,environment,,,,,,
1981-05-25,,81d46f5d-f872-5b74-59ea-a6df9c62bd61,81d46f5d-f872-5b74-93e4-ab5dda12b1f0,264287008,Unknown,Animal dander (substance),allergy,environment,878820003,Rhinoconjunctivitis (disorder),MODERATE,49727002,Cough (finding),MODERATE
1981-05-25,,81d46f5d-f872-5b74-59ea-a6df9c62bd61,81d46f5d-f872-5b74-93e4-ab5dda12b1f0,256277009,Unknown,Grass pollen (substance),allergy,environment,,,,,,
1981-05-25,,81d46f5d-f872-5b74-59ea-a6df9c62bd61,81d46f5d-f872-5b74-93e4-ab5dda12b1f0,782576004,Unknown,Tree pollen (substance),allergy,environment,,,,,,
1981-05-25,,81d46f5d-f872-5b74-59ea-a6df9c62bd61,81d46f5d-f872-5b74-93e4-ab5dda12b1f0,256355007,Unknown,Glycine max (substance),allergy,food,,,,,,
1981-05-25,,81d46f5d-f872-5b74-59ea-a6df9c62bd61,81d46f5d-f872-5b74-93e4-ab5dda12b1f0,735029006,Unknown,Shellfish (substance),allergy,food,271807003,Eruption of skin (disorder),MODERATE,402387002,Allergic angioedema (disorder),MODERATE
1981-05-25,,81d46f5d-f872-5b74-59ea-a6df9c62bd61,81d46f5d-f872-5b74-93e4-ab5dda12b1f0,735971005,Unknown,Fish (substance),allergy,food,267036007,Dyspnea (finding),MODERATE,271807003,Eruption of skin (disorder),MILD
1941-12-07,,7795aa0d-cc23-f198-594f-4b53e07a3c95,7795aa0d-cc23-f198-2e81-ff64cfc69d6f,609328004,Unknown,Allergic disposition (finding),allergy,environment,,,,,,
1941-12-07,,7795aa0d-cc23-f198-594f-4b53e07a3c95,7795aa0d-cc23-f198-2e81-ff64cfc69d6f,84489001,Unknown,Mold (organism),allergy,environment,,,,,,
1941-12-07,,7795aa0d-cc23-f198-594f-4b53e07a3c95,7795aa0d-cc23-f198-2e81-ff64cfc69d6f,260147004,Unknown,House dust mite (organism),allergy,environment,,,,,,
1941-12-07,,7795aa0d-cc23-f198-594f-4b53e07a3c95,7795aa0d-cc23-f198-2e81-ff64cfc69d6f,264287008,Unknown,Animal dander (substance),allergy,environment,878820003,Rhinoconjunctivitis (disorder),MODERATE,49727002,Cough (finding),MODERATE
1941-12-07,,7795aa0d-cc23-f198-594f-4b53e07a3c95,7795aa0d-cc23-f198-2e81-ff64cfc69d6f,256277009,Unknown,Grass pollen (substance),allergy,environment,,,,,,
1941-12-07,,7795aa0d-cc23-f198-594f-4b53e07a3c95,7795aa0d-cc23-f198-2e81-ff64cfc69d6f,782576004,Unknown,Tree pollen (substance),allergy,environment,,,,,,
1941-12-07,,7795aa0d-cc23-f198-594f-4b53e07a3c95,7795aa0d-cc23-f198-2e81-ff64cfc69d6f,1191,Unknown,Aspirin,allergy,medication,21522001,Abdominal pain (finding),MODERATE,,,
1941-12-07,,7795aa0d-cc23-f198-594f-4b53e07a3c95,7795aa0d-cc23-f198-2e81-ff64cfc69d6f,3718001,Unknown,Cow's milk (substance),allergy,food,39579001,Anaphylaxis (disorder),SEVERE,247472004,Wheal (finding),MILD
1972-09-24,,65109b85-1ed4-10a0-b74d-d51621017228,65109b85-1ed4-10a0-ec17-90e30f8c9738,609328004,Unknown,Allergic disposition (finding),allergy,environment,,,,,,
1972-09-24,,65109b85-1ed4-10a0-b74d-d51621017228,65109b85-1ed4-10a0-ec17-90e30f8c9738,29046,Unknown,Lisinopril,intolerance,medication,,,,,,
1962-10-24,,d6686c2c-0d0f-ed51-5dd9-c1253da92698,d6686c2c-0d0f-ed51-87dc-728eecf7ca52,609328004,Unknown,Allergic disposition (finding),allergy,environment,,,,,,
1962-10-24,,d6686c2c-0d0f-ed51-5dd9-c1253da92698,d6686c2c-0d0f-ed51-87dc-728eecf7ca52,84489001,Unknown,Mold (organism),allergy,environment,,,,,,
1962-10-24,,d6686c2c-0d0f-ed51-5dd9-c1253da92698,d6686c2c-0d0f-ed51-87dc-728eecf7ca52,260147004,Unknown,House dust mite (organism),allergy,environment,,,,,,
1962-10-24,,d6686c2c-0d0f-ed51-5dd9-c1253da92698,d6686c2c-0d0f-ed51-87dc-728eecf7ca52,264287008,Unknown,Animal dander (substance),allergy,environment,247472004,Wheal (finding),MILD,271807003,Eruption of skin (disorder),MILD
1962-10-24,,d6686c2c-0d0f-ed51-5dd9-c1253da92698,d6686c2c-0d0f-ed51-87dc-728eecf7ca52,256277009,Unknown,Grass pollen (substance),allergy,environment,,,,,,
1962-10-24,,d6686c2c-0d0f-ed51-5dd9-c1253da92698,d6686c2c-0d0f-ed51-87dc-728eecf7ca52,782576004,Unknown,Tree pollen (substance),allergy,environment,,,,,,
1962-10-24,,d6686c2c-0d0f-ed51-5dd9-c1253da92698,d6686c2c-0d0f-ed51-87dc-728eecf7ca52,102263004,Unknown,Eggs (edible) (substance),allergy,food,247472004,Wheal (finding),MODERATE,,,
2024-06-13,,f30ddc5f-330e-090f-0cf5-92e103394242,f30ddc5f-330e-090f-c87b-ed5f2ebef410,609328004,Unknown,Allergic disposition (finding),allergy,environment,,,,,,
2024-06-13,,f30ddc5f-330e-090f-0cf5-92e103394242,f30ddc5f-330e-090f-c87b-ed5f2ebef410,29046,Unknown,Lisinopril,intolerance,medication,,,,,,
2024-06-13,,f30ddc5f-330e-090f-0cf5-92e103394242,f30ddc5f-330e-090f-c87b-ed5f2ebef410,735029006,Unknown,Shellfish (substance),allergy,food,271807003,Eruption of skin (disorder),MODERATE,402387002,Allergic angioedema (disorder),MODERATE
1991-11-15,,29128537-3500-e858-087a-8666c7493134,29128537-3500-e858-b6ef-025634333c24,609328004,Unknown,Allergic disposition (finding),allergy,environment,,,,,,
1991-11-15,,29128537-3500-e858-087a-8666c7493134,29128537-3500-e858-b6ef-025634333c24,84489001,Unknown,Mold (organism),allergy,environment,21626009,Cutaneous hypersensitivity (disorder),MILD,,,
1991-11-15,,29128537-3500-e858-087a-8666c7493134,29128537-3500-e858-b6ef-025634333c24,1191,Unknown,Aspirin,allergy,medication,21522001,Abdominal pain (finding),MODERATE,,,
1991-11-15,,29128537-3500-e858-087a-8666c7493134,29128537-3500-e858-b6ef-025634333c24,7984,Unknown,Penicillin V,allergy,medication,271807003,Eruption of skin (disorder),MILD,,,
1963-04-06,,55466388-8d91-8e1b-bc3e-db3096e31393,55466388-8d91-8e1b-f1c2-e2b4225c6fae,609328004,Unknown,Allergic disposition (finding),allergy,environment,,,,,,
1963-04-06,,55466388-8d91-8e1b-bc3e-db3096e31393,55466388-8d91-8e1b-f1c2-e2b4225c6fae,84489001,Unknown,Mold (organism),allergy,environment,,,,,,
1963-04-06,,55466388-8d91-8e1b-bc3e-db3096e31393,55466388-8d91-8e1b-f1c2-e2b4225c6fae,25037,Unknown,cefdinir,allergy,medication,,,,,,
1975-05-28,,250f8ba1-b1d6-d3b4-261b-0be43b675f3f,250f8ba1-b1d6-d3b4-d58c-819bff32cec2,609328004,Unknown,Allergic disposition (finding),allergy,environment,,,,,,
1975-05-28,,250f8ba1-b1d6-d3b4-261b-0be43b675f3f,250f8ba1-b1d6-d3b4-d58c-819bff32cec2,111088007,Unknown,Latex (substance),allergy,environment,402387002,Allergic angioedema (disorder),MODERATE,247472004,Wheal (finding),MILD
1975-05-28,,250f8ba1-b1d6-d3b4-261b-0be43b675f3f,250f8ba1-b1d6-d3b4-d58c-819bff32cec2,288328004,Unknown,Bee venom (substance),allergy,environment,,,,,,
1975-05-28,,250f8ba1-b1d6-d3b4-261b-0be43b675f3f,250f8ba1-b1d6-d3b4-d58c-819bff32cec2,84489001,Unknown,Mold (organism),allergy,environment,,,,,,
1975-05-28,,250f8ba1-b1d6-d3b4-261b-0be43b675f3f,250f8ba1-b1d6-d3b4-d58c-819bff32cec2,260147004,Unknown,House dust mite (organism),allergy,environment,,,,,,
1975-05-28,,250f8ba1-b1d6-d3b4-261b-0be43b675f3f,250f8ba1-b1d6-d3b4-d58c-819bff32cec2,264287008,Unknown,Animal dander (substance),allergy,environment,271807003,Eruption of skin (disorder),MILD,,,
1975-05-28,,250f8ba1-b1d6-d3b4-261b-0be43b675f3f,250f8ba1-b1d6-d3b4-d58c-819bff32cec2,256277009,Unknown,Grass pollen (substance),allergy,environment,,,,,,
1975-05-28,,250f8ba1-b1d6-d3b4-261b-0be43b675f3f,250f8ba1-b1d6-d3b4-d58c-819bff32cec2,782576004,Unknown,Tree pollen (substance),allergy,environment,,,,,,
1975-05-28,,250f8ba1-b1d6-d3b4-261b-0be43b675f3f,250f8ba1-b1d6-d3b4-d58c-819bff32cec2,1191,Unknown,Aspirin,allergy,medication,,,,,,
1975-05-28,,250f8ba1-b1d6-d3b4-261b-0be43b675f3f,250f8ba1-b1d6-d3b4-d58c-819bff32cec2,412071004,Unknown,Wheat (substance),allergy,food,39579001,Anaphylaxis (disorder),SEVERE,271807003,Eruption of skin (disorder),MODERATE
1975-05-28,,250f8ba1-b1d6-d3b4-261b-0be43b675f3f,250f8ba1-b1d6-d3b4-d58c-819bff32cec2,762952008,Unknown,Peanut (substance),allergy,food,39579001,Anaphylaxis (disorder),SEVERE,247472004,Wheal (finding),MODERATE
1954-07-26,,440db61a-5e56-c369-09d8-82411caf6477,440db61a-5e56-c369-3e4e-2a8ea049e347,609328004,Unknown,Allergic disposition (finding),allergy,environment,,,,,,
1954-07-26,,440db61a-5e56-c369-09d8-82411caf6477,440db61a-5e56-c369-3e4e-2a8ea049e347,84489001,Unknown,Mold (organism),allergy,environment,76067001,Sneezing (finding),MILD,,,
1954-07-26,,440db61a-5e56-c369-09d8-82411caf6477,440db61a-5e56-c369-3e4e-2a8ea049e347,260147004,Unknown,House dust mite (organism),allergy,environment,,,,,,
1954-07-26,,440db61a-5e56-c369-09d8-82411caf6477,440db61a-5e56-c369-3e4e-2a8ea049e347,264287008,Unknown,Animal dander (substance),allergy,environment,878820003,Rhinoconjunctivitis (disorder),MODERATE,49727002,Cough (finding),MODERATE
1954-07-26,,440db61a-5e56-c369-09d8-82411caf6477,440db61a-5e56-c369-3e4e-2a8ea049e347,256277009,Unknown,Grass pollen (substance),allergy,environment,,,,,,
1954-07-26,,440db61a-5e56-c369-09d8-82411caf6477,440db61a-5e56-c369-3e4e-2a8ea049e347,3718001,Unknown,Cow's milk (substance),allergy,food,39579001,Anaphylaxis (disorder),SEVERE,62315008,Diarrhea (finding),MILD
1954-07-26,,440db61a-5e56-c369-09d8-82411caf6477,440db61a-5e56-c369-3e4e-2a8ea049e347,735971005,Unknown,Fish (substance),allergy,food,267036007,Dyspnea (finding),MODERATE,271807003,Eruption of skin (disorder),MILD
1974-07-25,,0b2998a8-bb99-82cc-fd26-ab78db3c9255,0b2998a8-bb99-82cc-e0be-cfab5d30b706,609328004,Unknown,Allergic disposition (finding),allergy,environment,,,,,,
1974-07-25,,0b2998a8-bb99-82cc-fd26-ab78db3c9255,0b2998a8-bb99-82cc-e0be-cfab5d30b706,84489001,Unknown,Mold (organism),allergy,environment,267101005,Nasal discharge present (situation),MILD,56018004,Wheezing (finding),MILD
1974-07-25,,0b2998a8-bb99-82cc-fd26-ab78db3c9255,0b2998a8-bb99-82cc-e0be-cfab5d30b706,260147004,Unknown,House dust mite (organism),allergy,environment,,,,,,
1974-07-25,,0b2998a8-bb99-82cc-fd26-ab78db3c9255,0b2998a8-bb99-82cc-e0be-cfab5d30b706,264287008,Unknown,Animal dander (substance),allergy,environment,878820003,Rhinoconjunctivitis (disorder),MODERATE,271807003,Eruption of skin (disorder),MILD
1974-07-25,,0b2998a8-bb99-82cc-fd26-ab78db3c9255,0b2998a8-bb99-82cc-e0be-cfab5d30b706,256277009,Unknown,Grass pollen (substance),allergy,environment,,,,,,
1974-07-25,,0b2998a8-bb99-82cc-fd26-ab78db3c9255,0b2998a8-bb99-82cc-e0be-cfab5d30b706,782576004,Unknown,Tree pollen (substance),allergy,environment,,,,,,
1974-07-25,,0b2998a8-bb99-82cc-fd26-ab78db3c9255,0b2998a8-bb99-82cc-e0be-cfab5d30b706,1191,Unknown,Aspirin,allergy,medication,,,,,,
1974-07-25,,0b2998a8-bb99-82cc-fd26-ab78db3c9255,0b2998a8-bb99-82cc-e0be-cfab5d30b706,3718001,Unknown,Cow's milk (substance),allergy,food,402387002,Allergic angioedema (disorder),MODERATE,247472004,Wheal (finding),MILD
1974-07-25,,0b2998a8-bb99-82cc-fd26-ab78db3c9255,0b2998a8-bb99-82cc-e0be-cfab5d30b706,735029006,Unknown,Shellfish (substance),allergy,food,39579001,Anaphylaxis (disorder),SEVERE,271807003,Eruption of skin (disorder),MODERATE
1974-07-25,,0b2998a8-bb99-82cc-fd26-ab78db3c9255,0b2998a8-bb99-82cc-e0be-cfab5d30b706,735971005,Unknown,Fish (substance),allergy,food,300359004,Finding of vomiting (finding),MILD,271807003,Eruption of skin (disorder),MILD
2011-02-18,,fcf041e8-1244-4954-8427-6071ac939102,fcf041e8-1244-4954-0b1d-0754f4f1a7ac,609328004,Unknown,Allergic disposition (finding),allergy,environment,,,,,,
2011-02-18,,fcf041e8-1244-4954-8427-6071ac939102,fcf041e8-1244-4954-0b1d-0754f4f1a7ac,84489001,Unknown,Mold (organism),allergy,environment,267101005,Nasal discharge present (situation),MILD,,,
2011-02-18,,fcf041e8-1244-4954-8427-6071ac939102,fcf041e8-1244-4954-0b1d-0754f4f1a7ac,260147004,Unknown,House dust mite (organism),allergy,environment,,,,,,
2011-02-18,,fcf041e8-1244-4954-8427-6071ac939102,fcf041e8-1244-4954-0b1d-0754f4f1a7ac,264287008,Unknown,Animal dander (substance),allergy,environment,878820003,Rhinoconjunctivitis (disorder),MODERATE,49727002,Cough (finding),MODERATE
2011-02-18,,fcf041e8-1244-4954-8427-6071ac939102,fcf041e8-1244-4954-0b1d-0754f4f1a7ac,256277009,Unknown,Grass pollen (substance),allergy,environment,,,,,,
2011-02-18,,fcf041e8-1244-4954-8427-6071ac939102,fcf041e8-1244-4954-0b1d-0754f4f1a7ac,782576004,Unknown,Tree pollen (substance),allergy,environment,,,,,,
2011-02-18,,fcf041e8-1244-4954-8427-6071ac939102,fcf041e8-1244-4954-0b1d-0754f4f1a7ac,1191,Unknown,Aspirin,allergy,medication,,,,,,
2001-01-06,,6f7f68d2-dcaa-f720-de5c-71ef7ad88832,6f7f68d2-dcaa-f720-8de0-cbc277cceb4c,609328004,Unknown,Allergic disposition (finding),allergy,environment,,,,,,
2001-01-06,,6f7f68d2-dcaa-f720-de5c-71ef7ad88832,6f7f68d2-dcaa-f720-8de0-cbc277cceb4c,111088007,Unknown,Latex (substance),allergy,environment,247472004,Wheal (finding),MILD,,,
2001-01-06,,6f7f68d2-dcaa-f720-de5c-71ef7ad88832,6f7f68d2-dcaa-f720-8de0-cbc277cceb4c,29046,Unknown,Lisinopril,intolerance,medication,,,,,,
2001-01-06,,6f7f68d2-dcaa-f720-de5c-71ef7ad88832,6f7f68d2-dcaa-f720-8de0-cbc277cceb4c,1191,Unknown,Aspirin,allergy,medication,,,,,,
1946-06-10,,ab5b0b32-7b38-c2a5-77f8-a094d1867120,ab5b0b32-7b38-c2a5-cd15-853c626173cc,609328004,Unknown,Allergic disposition (finding),allergy,environment,,,,,,
1946-06-10,,ab5b0b32-7b38-c2a5-77f8-a094d1867120,ab5b0b32-7b38-c2a5-cd15-853c626173cc,84489001,Unknown,Mold (organism),allergy,environment,267101005,Nasal discharge present (situation),MILD,,,
1946-06-10,,ab5b0b32-7b38-c2a5-77f8-a094d1867120,ab5b0b32-7b38-c2a5-cd15-853c626173cc,264287008,Unknown,Animal dander (substance),allergy,environment,878820003,Rhinoconjunctivitis (disorder),MODERATE,,,
1946-06-10,,ab5b0b32-7b38-c2a5-77f8-a094d1867120,ab5b0b32-7b38-c2a5-cd15-853c626173cc,256277009,Unknown,Grass pollen (substance),allergy,environment,,,,,,
1946-06-10,,ab5b0b32-7b38-c2a5-77f8-a094d1867120,ab5b0b32-7b38-c2a5-cd15-853c626173cc,7984,Unknown,Penicillin V,allergy,medication,247472004,Wheal (finding),MILD,,,
2015-04-03,,bc9ce56b-c71d-30b0-e151-18454b8a5818,bc9ce56b-c71d-30b0-faea-67f3d40a9e81,609328004,Unknown,Allergic disposition (finding),allergy,environment,,,,,,
2015-04-03,,bc9ce56b-c71d-30b0-e151-18454b8a5818,bc9ce56b-c71d-30b0-faea-67f3d40a9e81,1191,Unknown,Aspirin,allergy,medication,,,,,,
1960-10-03,,42fab567-c981-65b8-db7a-045d77366f8e,42fab567-c981-65b8-5fd4-b3698028959a,609328004,Unknown,Allergic disposition (finding),allergy,environment,,,,,,
1960-10-03,,42fab567-c981-65b8-db7a-045d77366f8e,42fab567-c981-65b8-5fd4-b3698028959a,288328004,Unknown,Bee venom (substance),allergy,environment,,,,,,
1960-10-03,,42fab567-c981-65b8-db7a-045d77366f8e,42fab567-c981-65b8-5fd4-b3698028959a,84489001,Unknown,Mold (organism),allergy,environment,,,,,,
1960-10-03,,42fab567-c981-65b8-db7a-045d77366f8e,42fab567-c981-65b8-5fd4-b3698028959a,260147004,Unknown,House dust mite (organism),allergy,environment,,,,,,
1960-10-03,,42fab567-c981-65b8-db7a-045d77366f8e,42fab567-c981-65b8-5fd4-b3698028959a,264287008,Unknown,Animal dander (substance),allergy,environment,878820003,Rhinoconjunctivitis (disorder),MODERATE,247472004,Wheal (finding),MILD
1960-10-03,,42fab567-c981-65b8-db7a-045d77366f8e,42fab567-c981-65b8-5fd4-b3698028959a,256277009,Unknown,Grass pollen (substance),allergy,environment,,,,,,
1960-10-03,,42fab567-c981-65b8-db7a-045d77366f8e,42fab567-c981-65b8-5fd4-b3698028959a,782576004,Unknown,Tree pollen (substance),allergy,environment,,,,,,
1960-10-03,,42fab567-c981-65b8-db7a-045d77366f8e,42fab567-c981-65b8-5fd4-b3698028959a,7984,Unknown,Penicillin V,allergy,medication,247472004,Wheal (finding),MILD,271807003,Eruption of skin (disorder),MILD
1960-10-03,,42fab567-c981-65b8-db7a-045d77366f8e,42fab567-c981-65b8-5fd4-b3698028959a,3718001,Unknown,Cow's milk (substance),allergy,food,,,,,,
1960-10-03,,42fab567-c981-65b8-db7a-045d77366f8e,42fab567-c981-65b8-5fd4-b3698028959a,102263004,Unknown,Eggs (edible) (substance),allergy,food,247472004,Wheal (finding),MODERATE,300359004,Finding of vomiting (finding),MODERATE
1960-10-03,,42fab567-c981-65b8-db7a-045d77366f8e,42fab567-c981-65b8-5fd4-b3698028959a,412071004,Unknown,Wheat (substance),allergy,food,39579001,Anaphylaxis (disorder),SEVERE,271807003,Eruption of skin (disorder),MODERATE
1960-10-03,,42fab567-c981-65b8-db7a-045d77366f8e,42fab567-c981-65b8-5fd4-b3698028959a,762952008,Unknown,Peanut (substance),allergy,food,247472004,Wheal (finding),MODERATE,300359004,Finding of vomiting (finding),MILD
1990-08-12,,2489ac60-f3f0-8384-28a8-04a9f8518217,2489ac60-f3f0-8384-4020-b55a9cfa2715,609328004,Unknown,Allergic disposition (finding),allergy,environment,,,,,,
1990-08-12,,2489ac60-f3f0-8384-28a8-04a9f8518217,2489ac60-f3f0-8384-4020-b55a9cfa2715,29046,Unknown,Lisinopril,intolerance,medication,49727002,Cough (finding),MODERATE,,,
1977-08-21,,c1da3299-f180-226e-fc7b-0ad152bc859e,c1da3299-f180-226e-99e6-f43d2fdb09e2,609328004,Unknown,Allergic disposition (finding),allergy,environment,,,,,,
1977-08-21,,c1da3299-f180-226e-fc7b-0ad152bc859e,c1da3299-f180-226e-99e6-f43d2fdb09e2,288328004,Unknown,Bee venom (substance),allergy,environment,,,,,,
1977-08-21,,c1da3299-f180-226e-fc7b-0ad152bc859e,c1da3299-f180-226e-99e6-f43d2fdb09e2,84489001,Unknown,Mold (organism),allergy,environment,,,,,,
1977-08-21,,c1da3299-f180-226e-fc7b-0ad152bc859e,c1da3299-f180-226e-99e6-f43d2fdb09e2,260147004,Unknown,House dust mite (organism),allergy,environment,,,,,,
1977-08-21,,c1da3299-f180-226e-fc7b-0ad152bc859e,c1da3299-f180-226e-99e6-f43d2fdb09e2,264287008,Unknown,Animal dander (substance),allergy,environment,,,,,,
1977-08-21,,c1da3299-f180-226e-fc7b-0ad152bc859e,c1da3299-f180-226e-99e6-f43d2fdb09e2,256277009,Unknown,Grass pollen (substance),allergy,environment,,,,,,
1977-08-21,,c1da3299-f180-226e-fc7b-0ad152bc859e,c1da3299-f180-226e-99e6-f43d2fdb09e2,782576004,Unknown,Tree pollen (substance),allergy,environment,,,,,,
1977-08-21,,c1da3299-f180-226e-fc7b-0ad152bc859e,c1da3299-f180-226e-99e6-f43d2fdb09e2,1191,Unknown,Aspirin,allergy,medication,,,,,,
1977-08-21,,c1da3299-f180-226e-fc7b-0ad152bc859e,c1da3299-f180-226e-99e6-f43d2fdb09e2,3718001,Unknown,Cow's milk (substance),allergy,food,247472004,Wheal (finding),MILD,62315008,Diarrhea (finding),MILD
1990-12-10,,a3cdaa43-fe42-b705-4b60-9c897219fc24,a3cdaa43-fe42-b705-0828-0632c309eb90,609328004,Unknown,Allergic disposition (finding),allergy,environment,,,,,,
1990-12-10,,a3cdaa43-fe42-b705-4b60-9c897219fc24,a3cdaa43-fe42-b705-0828-0632c309eb90,288328004,Unknown,Bee venom (substance),allergy,environment,,,,,,
1990-12-10,,a3cdaa43-fe42-b705-4b60-9c897219fc24,a3cdaa43-fe42-b705-0828-0632c309eb90,84489001,Unknown,Mold (organism),allergy,environment,56018004,Wheezing (finding),MILD,,,
1990-12-10,,a3cdaa43-fe42-b705-4b60-9c897219fc24,a3cdaa43-fe42-b705-0828-0632c309eb90,260147004,Unknown,House dust mite (organism),allergy,environment,,,,,,
1990-12-10,,a3cdaa43-fe42-b705-4b60-9c897219fc24,a3cdaa43-fe42-b705-0828-0632c309eb90,264287008,Unknown,Animal dander (substance),allergy,environment,878820003,Rhinoconjunctivitis (disorder),MODERATE,49727002,Cough (finding),MODERATE
1990-12-10,,a3cdaa43-fe42-b705-4b60-9c897219fc24,a3cdaa43-fe42-b705-0828-0632c309eb90,256277009,Unknown,Grass pollen (substance),allergy,environment,,,,,,
1990-12-10,,a3cdaa43-fe42-b705-4b60-9c897219fc24,a3cdaa43-fe42-b705-0828-0632c309eb90,782576004,Unknown,Tree pollen (substance),allergy,environment,,,,,,
1990-12-10,,a3cdaa43-fe42-b705-4b60-9c897219fc24,a3cdaa43-fe42-b705-0828-0632c309eb90,3718001,Unknown,Cow's milk (substance),allergy,food,62315008,Diarrhea (finding),MILD,56018004,Wheezing (finding),MILD
1990-12-10,,a3cdaa43-fe42-b705-4b60-9c897219fc24,a3cdaa43-fe42-b705-0828-0632c309eb90,256355007,Unknown,Glycine max (substance),allergy,food,,,,,,
1990-12-10,,a3cdaa43-fe42-b705-4b60-9c897219fc24,a3cdaa43-fe42-b705-0828-0632c309eb90,102263004,Unknown,Eggs (edible) (substance),allergy,food,,,,,,
1930-05-01,,1c8773cb-7f33-c02a-5591-7fac5e55bc3a,1c8773cb-7f33-c02a-e5e9-0a31f5be6cc0,609328004,Unknown,Allergic disposition (finding),allergy,environment,,,,,,
1930-05-01,,1c8773cb-7f33-c02a-5591-7fac5e55bc3a,1c8773cb-7f33-c02a-e5e9-0a31f5be6cc0,84489001,Unknown,Mold (organism),allergy,environment,21626009,Cutaneous hypersensitivity (disorder),MILD,,,
1930-05-01,,1c8773cb-7f33-c02a-5591-7fac5e55bc3a,1c8773cb-7f33-c02a-e5e9-0a31f5be6cc0,735029006,Unknown,Shellfish (substance),allergy,food,271807003,Eruption of skin (disorder),MODERATE,402387002,Allergic angioedema (disorder),MODERATE
2019-03-26,,d32b4767-1d6e-0954-2788-24697e4624c8,d32b4767-1d6e-0954-4ef8-6fe80895bc47,609328004,Unknown,Allergic disposition (finding),allergy,environment,,,,,,
2019-03-26,,d32b4767-1d6e-0954-2788-24697e4624c8,d32b4767-1d6e-0954-4ef8-6fe80895bc47,84489001,Unknown,Mold (organism),allergy,environment,21626009,Cutaneous hypersensitivity (disorder),MILD,76067001,Sneezing (finding),MILD
2019-03-26,,d32b4767-1d6e-0954-2788-24697e4624c8,d32b4767-1d6e-0954-4ef8-6fe80895bc47,264287008,Unknown,Animal dander (substance),allergy,environment,878820003,Rhinoconjunctivitis (disorder),MODERATE,49727002,Cough (finding),MODERATE
2019-03-26,,d32b4767-1d6e-0954-2788-24697e4624c8,d32b4767-1d6e-0954-4ef8-6fe80895bc47,782576004,Unknown,Tree pollen (substance),allergy,environment,,,,,,
2019-03-26,,d32b4767-1d6e-0954-2788-24697e4624c8,d32b4767-1d6e-0954-4ef8-6fe80895bc47,1191,Unknown,Aspirin,allergy,medication,21522001,Abdominal pain (finding),MODERATE,,,
2019-03-26,,d32b4767-1d6e-0954-2788-24697e4624c8,d32b4767-1d6e-0954-4ef8-6fe80895bc47,256355007,Unknown,Glycine max (substance),allergy,food,300359004,Finding of vomiting (finding),MODERATE,,,
2019-03-26,,d32b4767-1d6e-0954-2788-24697e4624c8,d32b4767-1d6e-0954-4ef8-6fe80895bc47,735029006,Unknown,Shellfish (substance),allergy,food,402387002,Allergic angioedema (disorder),MODERATE,62315008,Diarrhea (finding),MILD
1972-09-13,,eefaf26d-4def-bbe1-64c3-9009c4c98029,eefaf26d-4def-bbe1-36fd-b762a0856861,609328004,Unknown,Allergic disposition (finding),allergy,environment,,,,,,
1972-09-13,,eefaf26d-4def-bbe1-64c3-9009c4c98029,eefaf26d-4def-bbe1-36fd-b762a0856861,288328004,Unknown,Bee venom (substance),allergy,environment,271807003,Eruption of skin (disorder),MODERATE,,,
1972-09-13,,eefaf26d-4def-bbe1-64c3-9009c4c98029,eefaf26d-4def-bbe1-36fd-b762a0856861,84489001,Unknown,Mold (organism),allergy,environment,21626009,Cutaneous hypersensitivity (disorder),MILD,76067001,Sneezing (finding),MILD
1972-09-13,,eefaf26d-4def-bbe1-64c3-9009c4c98029,eefaf26d-4def-bbe1-36fd-b762a0856861,264287008,Unknown,Animal dander (substance),allergy,environment,878820003,Rhinoconjunctivitis (disorder),MODERATE,271807003,Eruption of skin (disorder),MILD
1972-09-13,,eefaf26d-4def-bbe1-64c3-9009c4c98029,eefaf26d-4def-bbe1-36fd-b762a0856861,256277009,Unknown,Grass pollen (substance),allergy,environment,,,,,,
1972-09-13,,eefaf26d-4def-bbe1-64c3-9009c4c98029,eefaf26d-4def-bbe1-36fd-b762a0856861,3718001,Unknown,Cow's milk (substance),allergy,food,247472004,Wheal (finding),MILD,,,
1972-09-13,,eefaf26d-4def-bbe1-64c3-9009c4c98029,eefaf26d-4def-bbe1-36fd-b762a0856861,735029006,Unknown,Shellfish (substance),allergy,food,39579001,Anaphylaxis (disorder),SEVERE,402387002,Allergic angioedema (disorder),MODERATE
1962-02-12,,1fdd562f-62d6-5453-2605-88dabb89cf81,1fdd562f-62d6-5453-f3e1-3aef500c6343,609328004,Unknown,Allergic disposition (finding),allergy,environment,,,,,,
1962-02-12,,1fdd562f-62d6-5453-2605-88dabb89cf81,1fdd562f-62d6-5453-f3e1-3aef500c6343,288328004,Unknown,Bee venom (substance),allergy,environment,,,,,,
1962-02-12,,1fdd562f-62d6-5453-2605-88dabb89cf81,1fdd562f-62d6-5453-f3e1-3aef500c6343,84489001,Unknown,Mold (organism),allergy,environment,,,,,,
1962-02-12,,1fdd562f-62d6-5453-2605-88dabb89cf81,1fdd562f-62d6-5453-f3e1-3aef500c6343,264287008,Unknown,Animal dander (substance),allergy,environment,878820003,Rhinoconjunctivitis (disorder),MODERATE,,,
1962-02-12,,1fdd562f-62d6-5453-2605-88dabb89cf81,1fdd562f-62d6-5453-f3e1-3aef500c6343,256277009,Unknown,Grass pollen (substance),allergy,environment,,,,,,
1962-02-12,,1fdd562f-62d6-5453-2605-88dabb89cf81,1fdd562f-62d6-5453-f3e1-3aef500c6343,782576004,Unknown,Tree pollen (substance),allergy,environment,,,,,,
1962-02-12,,1fdd562f-62d6-5453-2605-88dabb89cf81,1fdd562f-62d6-5453-f3e1-3aef500c6343,3718001,Unknown,Cow's milk (substance),allergy,food,247472004,Wheal (finding),MILD,,,
1962-02-12,,1fdd562f-62d6-5453-2605-88dabb89cf81,1fdd562f-62d6-5453-f3e1-3aef500c6343,412071004,Unknown,Wheat (substance),allergy,food,271807003,Eruption of skin (disorder),MODERATE,267036007,Dyspnea (finding),MILD
1962-02-12,,1fdd562f-62d6-5453-2605-88dabb89cf81,1fdd562f-62d6-5453-f3e1-3aef500c6343,735971005,Unknown,Fish (substance),allergy,food,271807003,Eruption of skin (disorder),MILD,,,
2010-05-21,,e47882ea-1b34-bfe9-1d8a-0de3c0cca5e7,e47882ea-1b34-bfe9-684c-4dfc06248dc7,609328004,Unknown,Allergic disposition (finding),allergy,environment,,,,,,
2010-05-21,,e47882ea-1b34-bfe9-1d8a-0de3c0cca5e7,e47882ea-1b34-bfe9-684c-4dfc06248dc7,84489001,Unknown,Mold (organism),allergy,environment,21626009,Cutaneous hypersensitivity (disorder),MILD,267101005,Nasal discharge present (situation),MILD
2010-05-21,,e47882ea-1b34-bfe9-1d8a-0de3c0cca5e7,e47882ea-1b34-bfe9-684c-4dfc06248dc7,264287008,Unknown,Animal dander (substance),allergy,environment,878820003,Rhinoconjunctivitis (disorder),MODERATE,267036007,Dyspnea (finding),MILD
2010-05-21,,e47882ea-1b34-bfe9-1d8a-0de3c0cca5e7,e47882ea-1b34-bfe9-684c-4dfc06248dc7,256277009,Unknown,Grass pollen (substance),allergy,environment,,,,,,
2010-05-21,,e47882ea-1b34-bfe9-1d8a-0de3c0cca5e7,e47882ea-1b34-bfe9-684c-4dfc06248dc7,782576004,Unknown,Tree pollen (substance),allergy,environment,,,,,,
2010-05-21,,e47882ea-1b34-bfe9-1d8a-0de3c0cca5e7,e47882ea-1b34-bfe9-684c-4dfc06248dc7,7984,Unknown,Penicillin V,allergy,medication,271807003,Eruption of skin (disorder),MILD,,,
2010-05-21,,e47882ea-1b34-bfe9-1d8a-0de3c0cca5e7,e47882ea-1b34-bfe9-684c-4dfc06248dc7,762952008,Unknown,Peanut (substance),allergy,food,39579001,Anaphylaxis (disorder),SEVERE,247472004,Wheal (finding),MODERATE
2011-10-20,,3f492457-3718-f451-a81d-4835b0b5bd8b,3f492457-3718-f451-4c38-18ec1e4b67f4,609328004,Unknown,Allergic disposition (finding),allergy,environment,,,,,,
2011-10-20,,3f492457-3718-f451-a81d-4835b0b5bd8b,3f492457-3718-f451-4c38-18ec1e4b67f4,111088007,Unknown,Latex (substance),allergy,environment,418290006,Itching (finding),MODERATE,247472004,Wheal (finding),MILD
2011-10-20,,3f492457-3718-f451-a81d-4835b0b5bd8b,3f492457-3718-f451-4c38-18ec1e4b67f4,288328004,Unknown,Bee venom (substance),allergy,environment,271807003,Eruption of skin (disorder),MODERATE,,,
2011-10-20,,3f492457-3718-f451-a81d-4835b0b5bd8b,3f492457-3718-f451-4c38-18ec1e4b67f4,84489001,Unknown,Mold (organism),allergy,environment,,,,,,
2011-10-20,,3f492457-3718-f451-a81d-4835b0b5bd8b,3f492457-3718-f451-4c38-18ec1e4b67f4,260147004,Unknown,House dust mite (organism),allergy,environment,,,,,,
2011-10-20,,3f492457-3718-f451-a81d-4835b0b5bd8b,3f492457-3718-f451-4c38-18ec1e4b67f4,264287008,Unknown,Animal dander (substance),allergy,environment,878820003,Rhinoconjunctivitis (disorder),MODERATE,267036007,Dyspnea (finding),MILD
2011-10-20,,3f492457-3718-f451-a81d-4835b0b5bd8b,3f492457-3718-f451-4c38-18ec1e4b67f4,256277009,Unknown,Grass pollen (substance),allergy,environment,,,,,,
2011-10-20,,3f492457-3718-f451-a81d-4835b0b5bd8b,3f492457-3718-f451-4c38-18ec1e4b67f4,782576004,Unknown,Tree pollen (substance),allergy,environment,,,,,,
2011-10-20,,3f492457-3718-f451-a81d-4835b0b5bd8b,3f492457-3718-f451-4c38-18ec1e4b67f4,29046,Unknown,Lisinopril,intolerance,medication,,,,,,
2011-10-20,,3f492457-3718-f451-a81d-4835b0b5bd8b,3f492457-3718-f451-4c38-18ec1e4b67f4,1191,Unknown,Aspirin,allergy,medication,21522001,Abdominal pain (finding),MODERATE,,,
2011-10-20,,3f492457-3718-f451-a81d-4835b0b5bd8b,3f492457-3718-f451-4c38-18ec1e4b67f4,735029006,Unknown,Shellfish (substance),allergy,food,271807003,Eruption of skin (disorder),MODERATE,402387002,Allergic angioedema (disorder),MODERATE
1994-11-13,,1240b28e-a324-b898-c7ea-a5037a9bc7fc,1240b28e-a324-b898-860c-2912994b3d08,609328004,Unknown,Allergic disposition (finding),allergy,environment,,,,,,
1994-11-13,,1240b28e-a324-b898-c7ea-a5037a9bc7fc,1240b28e-a324-b898-860c-2912994b3d08,84489001,Unknown,Mold (organism),allergy,environment,,,,,,
1994-11-13,,1240b28e-a324-b898-c7ea-a5037a9bc7fc,1240b28e-a324-b898-860c-2912994b3d08,260147004,Unknown,House dust mite (organism),allergy,environment,,,,,,
1994-11-13,,1240b28e-a324-b898-c7ea-a5037a9bc7fc,1240b28e-a324-b898-860c-2912994b3d08,264287008,Unknown,Animal dander (substance),allergy,environment,267036007,Dyspnea (finding),MILD,271807003,Eruption of skin (disorder),MILD
1994-11-13,,1240b28e-a324-b898-c7ea-a5037a9bc7fc,1240b28e-a324-b898-860c-2912994b3d08,256277009,Unknown,Grass pollen (substance),allergy,environment,,,,,,
1994-11-13,,1240b28e-a324-b898-c7ea-a5037a9bc7fc,1240b28e-a324-b898-860c-2912994b3d08,782576004,Unknown,Tree pollen (substance),allergy,environment,,,,,,
1994-11-13,,1240b28e-a324-b898-c7ea-a5037a9bc7fc,1240b28e-a324-b898-860c-2912994b3d08,412071004,Unknown,Wheat (substance),allergy,food,271807003,Eruption of skin (disorder),MODERATE,,,
1994-11-13,,1240b28e-a324-b898-c7ea-a5037a9bc7fc,1240b28e-a324-b898-860c-2912994b3d08,735971005,Unknown,Fish (substance),allergy,food,300359004,Finding of vomiting (finding),MILD,271807003,Eruption of skin (disorder),MILD
1976-08-25,,b8854b2a-2473-dab7-7eeb-67923b9ce37e,b8854b2a-2473-dab7-55ea-859317e9a493,609328004,Unknown,Allergic disposition (finding),allergy,environment,,,,,,
1976-08-25,,b8854b2a-2473-dab7-7eeb-67923b9ce37e,b8854b2a-2473-dab7-55ea-859317e9a493,111088007,Unknown,Latex (substance),allergy,environment,247472004,Wheal (finding),MILD,,,
1976-08-25,,b8854b2a-2473-dab7-7eeb-67923b9ce37e,b8854b2a-2473-dab7-55ea-859317e9a493,288328004,Unknown,Bee venom (substance),allergy,environment,,,,,,
1976-08-25,,b8854b2a-2473-dab7-7eeb-67923b9ce37e,b8854b2a-2473-dab7-55ea-859317e9a493,84489001,Unknown,Mold (organism),allergy,environment,267101005,Nasal discharge present (situation),MILD,,,
1976-08-25,,b8854b2a-2473-dab7-7eeb-67923b9ce37e,b8854b2a-2473-dab7-55ea-859317e9a493,260147004,Unknown,House dust mite (organism),allergy,environment,,,,,,
1976-08-25,,b8854b2a-2473-dab7-7eeb-67923b9ce37e,b8854b2a-2473-dab7-55ea-859317e9a493,264287008,Unknown,Animal dander (substance),allergy,environment,878820003,Rhinoconjunctivitis (disorder),MODERATE,271807003,Eruption of skin (disorder),MILD
1976-08-25,,b8854b2a-2473-dab7-7eeb-67923b9ce37e,b8854b2a-2473-dab7-55ea-859317e9a493,256277009,Unknown,Grass pollen (substance),allergy,environment,,,,,,
1976-08-25,,b8854b2a-2473-dab7-7eeb-67923b9ce37e,b8854b2a-2473-dab7-55ea-859317e9a493,782576004,Unknown,Tree pollen (substance),allergy,environment,,,,,,
1976-08-25,,b8854b2a-2473-dab7-7eeb-67923b9ce37e,b8854b2a-2473-dab7-55ea-859317e9a493,1191,Unknown,Aspirin,allergy,medication,,,,,,
1976-08-25,,b8854b2a-2473-dab7-7eeb-67923b9ce37e,b8854b2a-2473-dab7-55ea-859317e9a493,412071004,Unknown,Wheat (substance),allergy,food,271807003,Eruption of skin (disorder),MODERATE,,,
2014-03-25,,b7e40978-7cd9-d70c-d9e3-99846832d368,b7e40978-7cd9-d70c-6163-0edccd5efe32,609328004,Unknown,Allergic disposition (finding),allergy,environment,,,,,,
2014-03-25,,b7e40978-7cd9-d70c-d9e3-99846832d368,b7e40978-7cd9-d70c-6163-0edccd5efe32,84489001,Unknown,Mold (organism),allergy,environment,21626009,Cutaneous hypersensitivity (disorder),MILD,76067001,Sneezing (finding),MILD
2014-03-25,,b7e40978-7cd9-d70c-d9e3-99846832d368,b7e40978-7cd9-d70c-6163-0edccd5efe32,260147004,Unknown,House dust mite (organism),allergy,environment,,,,,,
2014-03-25,,b7e40978-7cd9-d70c-d9e3-99846832d368,b7e40978-7cd9-d70c-6163-0edccd5efe32,264287008,Unknown,Animal dander (substance),allergy,environment,878820003,Rhinoconjunctivitis (disorder),MODERATE,,,
2014-03-25,,b7e40978-7cd9-d70c-d9e3-99846832d368,b7e40978-7cd9-d70c-6163-0edccd5efe32,256277009,Unknown,Grass pollen (substance),allergy,environment,,,,,,
2014-03-25,,b7e40978-7cd9-d70c-d9e3-99846832d368,b7e40978-7cd9-d70c-6163-0edccd5efe32,782576004,Unknown,Tree pollen (substance),allergy,environment,,,,,,
2014-03-25,,b7e40978-7cd9-d70c-d9e3-99846832d368,b7e40978-7cd9-d70c-6163-0edccd5efe32,7984,Unknown,Penicillin V,allergy,medication,247472004,Wheal (finding),MILD,,,
2014-03-25,,b7e40978-7cd9-d70c-d9e3-99846832d368,b7e40978-7cd9-d70c-6163-0edccd5efe32,256355007,Unknown,Glycine max (substance),allergy,food,300359004,Finding of vomiting (finding),MODERATE,62315008,Diarrhea (finding),MILD
1983-03-15,,59d9ddf0-f009-d14e-f093-a5d9f15f7836,59d9ddf0-f009-d14e-7de2-69e0c0b8a955,609328004,Unknown,Allergic disposition (finding),allergy,environment,,,,,,
1983-03-15,,59d9ddf0-f009-d14e-f093-a5d9f15f7836,59d9ddf0-f009-d14e-7de2-69e0c0b8a955,111088007,Unknown,Latex (substance),allergy,environment,402387002,Allergic angioedema (disorder),MODERATE,247472004,Wheal (finding),MILD
1983-03-15,,59d9ddf0-f009-d14e-f093-a5d9f15f7836,59d9ddf0-f009-d14e-7de2-69e0c0b8a955,84489001,Unknown,Mold (organism),allergy,environment,21626009,Cutaneous hypersensitivity (disorder),MILD,76067001,Sneezing (finding),MILD
1983-03-15,,59d9ddf0-f009-d14e-f093-a5d9f15f7836,59d9ddf0-f009-d14e-7de2-69e0c0b8a955,260147004,Unknown,House dust mite (organism),allergy,environment,,,,,,
1983-03-15,,59d9ddf0-f009-d14e-f093-a5d9f15f7836,59d9ddf0-f009-d14e-7de2-69e0c0b8a955,264287008,Unknown,Animal dander (substance),allergy,environment,878820003,Rhinoconjunctivitis (disorder),MODERATE,271807003,Eruption of skin (disorder),MILD
1983-03-15,,59d9ddf0-f009-d14e-f093-a5d9f15f7836,59d9ddf0-f009-d14e-7de2-69e0c0b8a955,256277009,Unknown,Grass pollen (substance),allergy,environment,,,,,,
1983-03-15,,59d9ddf0-f009-d14e-f093-a5d9f15f7836,59d9ddf0-f009-d14e-7de2-69e0c0b8a955,782576004,Unknown,Tree pollen (substance),allergy,environment,,,,,,
1983-03-15,,59d9ddf0-f009-d14e-f093-a5d9f15f7836,59d9ddf0-f009-d14e-7de2-69e0c0b8a955,25037,Unknown,cefdinir,allergy,medication,,,,,,
1983-03-15,,59d9ddf0-f009-d14e-f093-a5d9f15f7836,59d9ddf0-f009-d14e-7de2-69e0c0b8a955,762952008,Unknown,Peanut (substance),allergy,food,247472004,Wheal (finding),MODERATE,402387002,Allergic angioedema (disorder),MODERATE
1957-12-11,,87e534b9-2681-7909-d9a2-a67eae9ce63f,87e534b9-2681-7909-36c7-75a52996d0a8,609328004,Unknown,Allergic disposition (finding),allergy,environment,,,,,,
1957-12-11,,87e534b9-2681-7909-d9a2-a67eae9ce63f,87e534b9-2681-7909-36c7-75a52996d0a8,84489001,Unknown,Mold (organism),allergy,environment,,,,,,
1957-12-11,,87e534b9-2681-7909-d9a2-a67eae9ce63f,87e534b9-2681-7909-36c7-75a52996d0a8,260147004,Unknown,House dust mite (organism),allergy,environment,,,,,,
1957-12-11,,87e534b9-2681-7909-d9a2-a67eae9ce63f,87e534b9-2681-7909-36c7-75a52996d0a8,264287008,Unknown,Animal dander (substance),allergy,environment,271807003,Eruption of skin (disorder),MILD,,,
1957-12-11,,87e534b9-2681-7909-d9a2-a67eae9ce63f,87e534b9-2681-7909-36c7-75a52996d0a8,256277009,Unknown,Grass pollen (substance),allergy,environment,,,,,,
1957-12-11,,87e534b9-2681-7909-d9a2-a67eae9ce63f,87e534b9-2681-7909-36c7-75a52996d0a8,782576004,Unknown,Tree pollen (substance),allergy,environment,,,,,,
1957-12-11,,87e534b9-2681-7909-d9a2-a67eae9ce63f,87e534b9-2681-7909-36c7-75a52996d0a8,1191,Unknown,Aspirin,allergy,medication,,,,,,
1957-12-11,,87e534b9-2681-7909-d9a2-a67eae9ce63f,87e534b9-2681-7909-36c7-75a52996d0a8,735029006,Unknown,Shellfish (substance),allergy,food,271807003,Eruption of skin (disorder),MODERATE,422587007,Nausea (finding),MODERATE
1957-12-11,,87e534b9-2681-7909-d9a2-a67eae9ce63f,87e534b9-2681-7909-36c7-75a52996d0a8,735971005,Unknown,Fish (substance),allergy,food,267036007,Dyspnea (finding),MODERATE,271807003,Eruption of skin (disorder),MILD
1950-01-04,,59063edf-4570-958f-939e-79f56e613a6c,59063edf-4570-958f-4028-e5d7d7922d49,609328004,Unknown,Allergic disposition (finding),allergy,environment,,,,,,
1950-01-04,,59063edf-4570-958f-939e-79f56e613a6c,59063edf-4570-958f-4028-e5d7d7922d49,1191,Unknown,Aspirin,allergy,medication,247472004,Wheal (finding),MODERATE,,,
1950-01-04,,59063edf-4570-958f-939e-79f56e613a6c,59063edf-4570-958f-4028-e5d7d7922d49,735029006,Unknown,Shellfish (substance),allergy,food,271807003,Eruption of skin (disorder),MODERATE,402387002,Allergic angioedema (disorder),MODERATE
2019-05-03,,5c5c7af0-c44f-1b3c-0b9c-6c8a7d0402d0,5c5c7af0-c44f-1b3c-1e5d-c5e9c85f5c1a,609328004,Unknown,Allergic disposition (finding),allergy,environment,,,,,,
2019-05-03,,5c5c7af0-c44f-1b3c-0b9c-6c8a7d0402d0,5c5c7af0-c44f-1b3c-1e5d-c5e9c85f5c1a,84489001,Unknown,Mold (organism),allergy,environment,21626009,Cutaneous hypersensitivity (disorder),MILD,267101005,Nasal discharge present (situation),MILD
2019-05-03,,5c5c7af0-c44f-1b3c-0b9c-6c8a7d0402d0,5c5c7af0-c44f-1b3c-1e5d-c5e9c85f5c1a,260147004,Unknown,House dust mite (organism),allergy,environment,,,,,,
2019-05-03,,5c5c7af0-c44f-1b3c-0b9c-6c8a7d0402d0,5c5c7af0-c44f-1b3c-1e5d-c5e9c85f5c1a,264287008,Unknown,Animal dander (substance),allergy,environment,49727002,Cough (finding),MODERATE,,,
2019-05-03,,5c5c7af0-c44f-1b3c-0b9c-6c8a7d0402d0,5c5c7af0-c44f-1b3c-1e5d-c5e9c85f5c1a,256277009,Unknown,Grass pollen (substance),allergy,environment,,,,,,
2019-05-03,,5c5c7af0-c44f-1b3c-0b9c-6c8a7d0402d0,5c5c7af0-c44f-1b3c-1e5d-c5e9c85f5c1a,782576004,Unknown,Tree pollen (substance),allergy,environment,,,,,,
2019-05-03,,5c5c7af0-c44f-1b3c-0b9c-6c8a7d0402d0,5c5c7af0-c44f-1b3c-1e5d-c5e9c85f5c1a,3718001,Unknown,Cow's milk (substance),allergy,food,247472004,Wheal (finding),MILD,62315008,Diarrhea (finding),MILD
2019-05-03,,5c5c7af0-c44f-1b3c-0b9c-6c8a7d0402d0,5c5c7af0-c44f-1b3c-1e5d-c5e9c85f5c1a,442571000124108,Unknown,Tree nut (substance),allergy,food,39579001,Anaphylaxis (disorder),SEVERE,247472004,Wheal (finding),MODERATE
2018-05-31,,048d42f3-a3ee-0ea4-b4fa-066d629ab88c,048d42f3-a3ee-0ea4-c87c-5da7a6cb070b,609328004,Unknown,Allergic disposition (finding),allergy,environment,,,,,,
2018-05-31,,048d42f3-a3ee-0ea4-b4fa-066d629ab88c,048d42f3-a3ee-0ea4-c87c-5da7a6cb070b,7984,Unknown,Penicillin V,allergy,medication,247472004,Wheal (finding),MILD,271807003,Eruption of skin (disorder),MILD
2018-05-31,,048d42f3-a3ee-0ea4-b4fa-066d629ab88c,048d42f3-a3ee-0ea4-c87c-5da7a6cb070b,412071004,Unknown,Wheat (substance),allergy,food,271807003,Eruption of skin (disorder),MODERATE,,,
1983-06-24,,dc978617-a0e4-1bd4-0f94-ae22bbf4f039,dc978617-a0e4-1bd4-2348-a7efe965a8ec,609328004,Unknown,Allergic disposition (finding),allergy,environment,,,,,,
1983-06-24,,dc978617-a0e4-1bd4-0f94-ae22bbf4f039,dc978617-a0e4-1bd4-2348-a7efe965a8ec,84489001,Unknown,Mold (organism),allergy,environment,,,,,,
1983-06-24,,dc978617-a0e4-1bd4-0f94-ae22bbf4f039,dc978617-a0e4-1bd4-2348-a7efe965a8ec,260147004,Unknown,House dust mite (organism),allergy,environment,,,,,,
1983-06-24,,dc978617-a0e4-1bd4-0f94-ae22bbf4f039,dc978617-a0e4-1bd4-2348-a7efe965a8ec,264287008,Unknown,Animal dander (substance),allergy,environment,878820003,Rhinoconjunctivitis (disorder),MODERATE,49727002,Cough (finding),MODERATE
1983-06-24,,dc978617-a0e4-1bd4-0f94-ae22bbf4f039,dc978617-a0e4-1bd4-2348-a7efe965a8ec,256277009,Unknown,Grass pollen (substance),allergy,environment,,,,,,
1983-06-24,,dc978617-a0e4-1bd4-0f94-ae22bbf4f039,dc978617-a0e4-1bd4-2348-a7efe965a8ec,782576004,Unknown,Tree pollen (substance),allergy,environment,,,,,,
1983-06-24,,dc978617-a0e4-1bd4-0f94-ae22bbf4f039,dc978617-a0e4-1bd4-2348-a7efe965a8ec,1191,Unknown,Aspirin,allergy,medication,,,,,,
1983-06-24,,dc978617-a0e4-1bd4-0f94-ae22bbf4f039,dc978617-a0e4-1bd4-2348-a7efe965a8ec,102263004,Unknown,Eggs (edible) (substance),allergy,food,,,,,,
1983-06-24,,dc978617-a0e4-1bd4-0f94-ae22bbf4f039,dc978617-a0e4-1bd4-2348-a7efe965a8ec,442571000124108,Unknown,Tree nut (substance),allergy,food,39579001,Anaphylaxis (disorder),SEVERE,247472004,Wheal (finding),MODERATE
2004-05-13,,83b364d9-9158-bdb7-4919-458f4a211db9,83b364d9-9158-bdb7-9933-cbf3a46c8249,609328004,Unknown,Allergic disposition (finding),allergy,environment,,,,,,
2025-02-27,,a3f18c1c-5151-7680-286c-f251c9159ec4,a3f18c1c-5151-7680-5938-a8bb61e8aa89,609328004,Unknown,Allergic disposition (finding),allergy,environment,,,,,,
2025-02-27,,a3f18c1c-5151-7680-286c-f251c9159ec4,a3f18c1c-5151-7680-5938-a8bb61e8aa89,260147004,Unknown,House dust mite (organism),allergy,environment,,,,,,
2025-02-27,,a3f18c1c-5151-7680-286c-f251c9159ec4,a3f18c1c-5151-7680-5938-a8bb61e8aa89,442571000124108,Unknown,Tree nut (substance),allergy,food,247472004,Wheal (finding),MODERATE,267036007,Dyspnea (finding),MODERATE
1988-09-18,,3f5e32b1-72dc-ed00-a6bf-7b141db9e035,3f5e32b1-72dc-ed00-4a1d-52b8d509b8c5,609328004,Unknown,Allergic disposition (finding),allergy,environment,,,,,,
1988-09-18,,3f5e32b1-72dc-ed00-a6bf-7b141db9e035,3f5e32b1-72dc-ed00-4a1d-52b8d509b8c5,29046,Unknown,Lisinopril,intolerance,medication,,,,,,
1996-11-06,,b3ab3ca7-56c3-c598-553d-2d806f0b5db7,b3ab3ca7-56c3-c598-8897-1ab06070af69,609328004,Unknown,Allergic disposition (finding),allergy,environment,,,,,,
1996-11-06,,b3ab3ca7-56c3-c598-553d-2d806f0b5db7,b3ab3ca7-56c3-c598-8897-1ab06070af69,84489001,Unknown,Mold (organism),allergy,environment,,,,,,
1996-11-06,,b3ab3ca7-56c3-c598-553d-2d806f0b5db7,b3ab3ca7-56c3-c598-8897-1ab06070af69,260147004,Unknown,House dust mite (organism),allergy,environment,,,,,,
1996-11-06,,b3ab3ca7-56c3-c598-553d-2d806f0b5db7,b3ab3ca7-56c3-c598-8897-1ab06070af69,264287008,Unknown,Animal dander (substance),allergy,environment,878820003,Rhinoconjunctivitis (disorder),MODERATE,247472004,Wheal (finding),MILD
1996-11-06,,b3ab3ca7-56c3-c598-553d-2d806f0b5db7,b3ab3ca7-56c3-c598-8897-1ab06070af69,256277009,Unknown,Grass pollen (substance),allergy,environment,,,,,,
1996-11-06,,b3ab3ca7-56c3-c598-553d-2d806f0b5db7,b3ab3ca7-56c3-c598-8897-1ab06070af69,782576004,Unknown,Tree pollen (substance),allergy,environment,,,,,,
1996-11-06,,b3ab3ca7-56c3-c598-553d-2d806f0b5db7,b3ab3ca7-56c3-c598-8897-1ab06070af69,3718001,Unknown,Cow's milk (substance),allergy,food,247472004,Wheal (finding),MILD,62315008,Diarrhea (finding),MILD
1996-11-06,,b3ab3ca7-56c3-c598-553d-2d806f0b5db7,b3ab3ca7-56c3-c598-8897-1ab06070af69,412071004,Unknown,Wheat (substance),allergy,food,62315008,Diarrhea (finding),MODERATE,271807003,Eruption of skin (disorder),MODERATE
1981-08-24,,a297883e-ad36-cbb9-fae5-0834e9426241,a297883e-ad36-cbb9-3ec2-ce871a5249a9,609328004,Unknown,Allergic disposition (finding),allergy,environment,,,,,,
2021-10-20,,d51bd5b7-85b9-3893-6105-cb7d1a812210,d51bd5b7-85b9-3893-1fac-455ba18e89da,609328004,Unknown,Allergic disposition (finding),allergy,environment,,,,,,
2021-10-20,,d51bd5b7-85b9-3893-6105-cb7d1a812210,d51bd5b7-85b9-3893-1fac-455ba18e89da,111088007,Unknown,Latex (substance),allergy,environment,247472004,Wheal (finding),MILD,,,
2021-10-20,,d51bd5b7-85b9-3893-6105-cb7d1a812210,d51bd5b7-85b9-3893-1fac-455ba18e89da,84489001,Unknown,Mold (organism),allergy,environment,21626009,Cutaneous hypersensitivity (disorder),MILD,,,
2021-10-20,,d51bd5b7-85b9-3893-6105-cb7d1a812210,d51bd5b7-85b9-3893-1fac-455ba18e89da,260147004,Unknown,House dust mite (organism),allergy,environment,,,,,,
2021-10-20,,d51bd5b7-85b9-3893-6105-cb7d1a812210,d51bd5b7-85b9-3893-1fac-455ba18e89da,264287008,Unknown,Animal dander (substance),allergy,environment,878820003,Rhinoconjunctivitis (disorder),MODERATE,271807003,Eruption of skin (disorder),MILD
2021-10-20,,d51bd5b7-85b9-3893-6105-cb7d1a812210,d51bd5b7-85b9-3893-1fac-455ba18e89da,7984,Unknown,Penicillin V,allergy,medication,,,,,,
2021-10-20,,d51bd5b7-85b9-3893-6105-cb7d1a812210,d51bd5b7-85b9-3893-1fac-455ba18e89da,102263004,Unknown,Eggs (edible) (substance),allergy,food,,,,,,
2021-10-20,,d51bd5b7-85b9-3893-6105-cb7d1a812210,d51bd5b7-85b9-3893-1fac-455ba18e89da,735971005,Unknown,Fish (substance),allergy,food,267036007,Dyspnea (finding),MODERATE,300359004,Finding of vomiting (finding),MILD
2021-10-20,,d51bd5b7-85b9-3893-6105-cb7d1a812210,d51bd5b7-85b9-3893-1fac-455ba18e89da,762952008,Unknown,Peanut (substance),allergy,food,247472004,Wheal (finding),MODERATE,62315008,Diarrhea (finding),MILD
2021-10-15,,c89935cf-55d2-8e64-75fa-fa99149b9f54,c89935cf-55d2-8e64-cecc-85c8da56852f,609328004,Unknown,Allergic disposition (finding),allergy,environment,,,,,,
2021-10-15,,c89935cf-55d2-8e64-75fa-fa99149b9f54,c89935cf-55d2-8e64-cecc-85c8da56852f,111088007,Unknown,Latex (substance),allergy,environment,39579001,Anaphylaxis (disorder),SEVERE,418290006,Itching (finding),MODERATE
2021-10-15,,c89935cf-55d2-8e64-75fa-fa99149b9f54,c89935cf-55d2-8e64-cecc-85c8da56852f,84489001,Unknown,Mold (organism),allergy,environment,21626009,Cutaneous hypersensitivity (disorder),MILD,267101005,Nasal discharge present (situation),MILD
2021-10-15,,c89935cf-55d2-8e64-75fa-fa99149b9f54,c89935cf-55d2-8e64-cecc-85c8da56852f,260147004,Unknown,House dust mite (organism),allergy,environment,,,,,,
2021-10-15,,c89935cf-55d2-8e64-75fa-fa99149b9f54,c89935cf-55d2-8e64-cecc-85c8da56852f,264287008,Unknown,Animal dander (substance),allergy,environment,,,,,,
2021-10-15,,c89935cf-55d2-8e64-75fa-fa99149b9f54,c89935cf-55d2-8e64-cecc-85c8da56852f,256277009,Unknown,Grass pollen (substance),allergy,environment,,,,,,
1980-09-24,,ac1d5966-b285-f0a5-2184-b334d6c56842,ac1d5966-b285-f0a5-f46e-8354649c736d,609328004,Unknown,Allergic disposition (finding),allergy,environment,,,,,,
1980-09-24,,ac1d5966-b285-f0a5-2184-b334d6c56842,ac1d5966-b285-f0a5-f46e-8354649c736d,288328004,Unknown,Bee venom (substance),allergy,environment,,,,,,
1980-09-24,,ac1d5966-b285-f0a5-2184-b334d6c56842,ac1d5966-b285-f0a5-f46e-8354649c736d,84489001,Unknown,Mold (organism),allergy,environment,,,,,,
1980-09-24,,ac1d5966-b285-f0a5-2184-b334d6c56842,ac1d5966-b285-f0a5-f46e-8354649c736d,264287008,Unknown,Animal dander (substance),allergy,environment,878820003,Rhinoconjunctivitis (disorder),MODERATE,267036007,Dyspnea (finding),MILD
1980-09-24,,ac1d5966-b285-f0a5-2184-b334d6c56842,ac1d5966-b285-f0a5-f46e-8354649c736d,256277009,Unknown,Grass pollen (substance),allergy,environment,,,,,,
1980-09-24,,ac1d5966-b285-f0a5-2184-b334d6c56842,ac1d5966-b285-f0a5-f46e-8354649c736d,412071004,Unknown,Wheat (substance),allergy,food,271807003,Eruption of skin (disorder),MODERATE,,,
1980-09-24,,ac1d5966-b285-f0a5-2184-b334d6c56842,ac1d5966-b285-f0a5-f46e-8354649c736d,735029006,Unknown,Shellfish (substance),allergy,food,271807003,Eruption of skin (disorder),MODERATE,422587007,Nausea (finding),MODERATE
1980-09-24,,ac1d5966-b285-f0a5-2184-b334d6c56842,ac1d5966-b285-f0a5-f46e-8354649c736d,762952008,Unknown,Peanut (substance),allergy,food,247472004,Wheal (finding),MODERATE,267036007,Dyspnea (finding),MILD
1972-10-11,,fd4d3629-0fcf-4afb-c4dc-0315fc471ec0,fd4d3629-0fcf-4afb-c8e9-46ff1d216d36,609328004,Unknown,Allergic disposition (finding),allergy,environment,,,,,,
1960-06-02,,f927cdaa-4962-ef56-56f5-a1a67a99e07a,f927cdaa-4962-ef56-d9b4-275e8070f76a,609328004,Unknown,Allergic disposition (finding),allergy,environment,,,,,,
1960-06-02,,f927cdaa-4962-ef56-56f5-a1a67a99e07a,f927cdaa-4962-ef56-d9b4-275e8070f76a,84489001,Unknown,Mold (organism),allergy,environment,267101005,Nasal discharge present (situation),MILD,,,
1960-06-02,,f927cdaa-4962-ef56-56f5-a1a67a99e07a,f927cdaa-4962-ef56-d9b4-275e8070f76a,735029006,Unknown,Shellfish (substance),allergy,food,271807003,Eruption of skin (disorder),MODERATE,402387002,Allergic angioedema (disorder),MODERATE
1971-07-13,,2571c9dc-ba7f-f08b-caf3-bccdb07a9ef5,2571c9dc-ba7f-f08b-5060-6051177c496a,609328004,Unknown,Allergic disposition (finding),allergy,environment,,,,,,
1971-07-13,,2571c9dc-ba7f-f08b-caf3-bccdb07a9ef5,2571c9dc-ba7f-f08b-5060-6051177c496a,84489001,Unknown,Mold (organism),allergy,environment,21626009,Cutaneous hypersensitivity (disorder),MILD,76067001,Sneezing (finding),MILD
1971-07-13,,2571c9dc-ba7f-f08b-caf3-bccdb07a9ef5,2571c9dc-ba7f-f08b-5060-6051177c496a,260147004,Unknown,House dust mite (organism),allergy,environment,,,,,,
1971-07-13,,2571c9dc-ba7f-f08b-caf3-bccdb07a9ef5,2571c9dc-ba7f-f08b-5060-6051177c496a,264287008,Unknown,Animal dander (substance),allergy,environment,878820003,Rhinoconjunctivitis (disorder),MODERATE,271807003,Eruption of skin (disorder),MILD
1971-07-13,,2571c9dc-ba7f-f08b-caf3-bccdb07a9ef5,2571c9dc-ba7f-f08b-5060-6051177c496a,256277009,Unknown,Grass pollen (substance),allergy,environment,,,,,,
1971-07-13,,2571c9dc-ba7f-f08b-caf3-bccdb07a9ef5,2571c9dc-ba7f-f08b-5060-6051177c496a,7984,Unknown,Penicillin V,allergy,medication,878820003,Rhinoconjunctivitis (disorder),MODERATE,271807003,Eruption of skin (disorder),MILD
1971-07-13,,2571c9dc-ba7f-f08b-caf3-bccdb07a9ef5,2571c9dc-ba7f-f08b-5060-6051177c496a,3718001,Unknown,Cow's milk (substance),allergy,food,62315008,Diarrhea (finding),MILD,,,
1971-07-13,,2571c9dc-ba7f-f08b-caf3-bccdb07a9ef5,2571c9dc-ba7f-f08b-5060-6051177c496a,102263004,Unknown,Eggs (edible) (substance),allergy,food,,,,,,
1971-07-13,,2571c9dc-ba7f-f08b-caf3-bccdb07a9ef5,2571c9dc-ba7f-f08b-5060-6051177c496a,412071004,Unknown,Wheat (substance),allergy,food,39579001,Anaphylaxis (disorder),SEVERE,271807003,Eruption of skin (disorder),MODERATE
1971-07-13,,2571c9dc-ba7f-f08b-caf3-bccdb07a9ef5,2571c9dc-ba7f-f08b-5060-6051177c496a,735029006,Unknown,Shellfish (substance),allergy,food,271807003,Eruption of skin (disorder),MODERATE,402387002,Allergic angioedema (disorder),MODERATE
1950-09-14,,41babdb6-0296-ec82-7109-b2b4351a9269,41babdb6-0296-ec82-2f45-3a0b13732e1e,609328004,Unknown,Allergic disposition (finding),allergy,environment,,,,,,
1950-09-14,,41babdb6-0296-ec82-7109-b2b4351a9269,41babdb6-0296-ec82-2f45-3a0b13732e1e,111088007,Unknown,Latex (substance),allergy,environment,247472004,Wheal (finding),MILD,,,
1950-09-14,,41babdb6-0296-ec82-7109-b2b4351a9269,41babdb6-0296-ec82-2f45-3a0b13732e1e,288328004,Unknown,Bee venom (substance),allergy,environment,,,,,,
1950-09-14,,41babdb6-0296-ec82-7109-b2b4351a9269,41babdb6-0296-ec82-2f45-3a0b13732e1e,84489001,Unknown,Mold (organism),allergy,environment,21626009,Cutaneous hypersensitivity (disorder),MILD,56018004,Wheezing (finding),MILD
1950-09-14,,41babdb6-0296-ec82-7109-b2b4351a9269,41babdb6-0296-ec82-2f45-3a0b13732e1e,260147004,Unknown,House dust mite (organism),allergy,environment,,,,,,
1950-09-14,,41babdb6-0296-ec82-7109-b2b4351a9269,41babdb6-0296-ec82-2f45-3a0b13732e1e,264287008,Unknown,Animal dander (substance),allergy,environment,878820003,Rhinoconjunctivitis (disorder),MODERATE,,,
1950-09-14,,41babdb6-0296-ec82-7109-b2b4351a9269,41babdb6-0296-ec82-2f45-3a0b13732e1e,256277009,Unknown,Grass pollen (substance),allergy,environment,,,,,,
1950-09-14,,41babdb6-0296-ec82-7109-b2b4351a9269,41babdb6-0296-ec82-2f45-3a0b13732e1e,782576004,Unknown,Tree pollen (substance),allergy,environment,,,,,,
1950-09-14,,41babdb6-0296-ec82-7109-b2b4351a9269,41babdb6-0296-ec82-2f45-3a0b13732e1e,5640,Unknown,Ibuprofen,allergy,medication,271811009,Face goes red (finding),MODERATE,,,
