Id,NAME,ADDRESS,CITY,STATE,ZIP,LAT,LON,PHONE,REVENUE,UTILIZATION
74ab949d-17ac-3309-83a0-13b4405c66aa,Fitchburg Outpatient Clinic,881 Main Street,Fitchburg,MA,01420,42.586487,-71.80521,978-342-9781 Or 978-342-9781,0.0,1145
17a4bae5-8b64-34d7-8144-b428be027bd0,NURSE ON CALL,512 MAIN STREET  SUITE 211,SHREWSBURY,MA,015456406,42.295109499999995,-71.71808471110307,5088451232,0.0,116
e09d4c49-c2ef-3b0f-9a46-3719d9219306,UMASS MEMORIAL HEALTHALLIANCE CLINTON HOSPITAL INC,60 HOSPITAL RD,LEOMINSTER,MA,014533290,42.54031915,-71.76312990486304,9784662000,0.0,92
e76b5eb0-0c9d-3593-b5da-3c0e9a97bb96,VA Boston Healthcare System  West Roxbury Campus,1400 VFW Parkway,West Roxbury,MA,02132,42.2793,-71.1657,617-323-7700,0.0,107
c241b977-4131-32e4-9957-e0a00b2a1e5f,DUFFY HEALTH CENTER,94 MAIN STREET,HYANNIS,MA,026013146,41.6562802,-70.27448000204822,5087719599,0.0,9
ef5390b4-cba5-3d83-96db-af783a7adb43,MERRIMACK VALLEY HOSPICE INC,360 MERRIMACK ST,MALDEN,MA,021482329,42.4250964,-71.066163,9785524000,0.0,6
77645e49-3f69-3d1d-bb93-dc65210e2fac,SOUTHCOAST HOSPITALS GROUP INC,363 HIGHLAND AVE,FALL RIVER,MA,027205246,41.7093779,-71.1460783680883,5086793131,0.0,20
6fafb5d4-ecca-37ab-8d24-53036a8cbf1e,GUARDIAN HOME HEALTH CARE  LLC,320 WEST CENTER STREET  2ND FLOOR,WEST BRIDGEWATER,MA,02379,42.016080599999995,-71.02601589317304,5085885811,0.0,1
aa682136-a4df-3942-9f50-e6fcee6c0b73,SOUTHWOOD AT NORWELL NURSING CTR,501 CORDWAINER DRIVE,NORWELL,MA,020611630,42.1647071,-70.88149077838713,7819827450,0.0,13
d2284f74-b6da-3a15-9791-84cdf2db18fb,EAST FALMOUTH FAMILY PRACTICE PC,331 E FALMOUTH HWY,E FALMOUTH,MA,025366039,41.57853245,-70.5617374807812,5084950704,0.0,95
a418cf76-2ee3-3736-a752-29ee33e86015,COMMUNITY NURSE HOME CARE  INC.,62 CENTER STREET,FAIRHAVEN,MA,027193823,41.63663425,-70.90101829397507,5089926278,0.0,3
e3089df2-a1db-372a-b660-30392d8c197b,PIONEER FAMILY HEALTH CARE LLC,178 N MAIN ST,SHARON,MA,020671229,42.13301625,-71.17263163492832,6176948356,0.0,57
ab701a70-a658-340e-8f69-ee196a7d40c6,CAREWELL URGENT CARE CENTERS OF MA  PC,484 RTE 134,WORCESTER,MA,016071728,42.2625621,-71.8018877,5086947901,0.0,19
11ba6a26-59b4-3728-a268-6dc9929962b4,COURTYARD NURSING CARE CENTER,200 GOVERNORS AVENUE,MEDFORD,MA,021551644,42.42711615,-71.1121606632448,7813915400,0.0,12
8a2e2731-3240-39d1-b4f0-cad14200937d,MORTON HOSPITAL  A STEWARD FAMILY HOSPITAL  INC.,88 WASHINGTON ST,TAUNTON,MA,027802465,41.9062805,-71.09518121351795,6174194772,0.0,29
bee866be-d41f-3259-97b2-0e10331c6c16,WINGATE AT NEEDHAM  INC.,589 HIGHLAND AVE,NEEDHAM,MA,024942205,42.300873100000004,-71.22988027903574,7814559090,0.0,3
4cf79e95-2815-3a4c-a3b8-951fe548dd27,BERKSHIRE FAMILY PRACTICE ASSOCIATES PC,20 ELM ST,PITTSFIELD,MA,012016502,42.4458896,-73.2448206979669,4134453131,0.0,64
52ecddd8-42f6-35cc-88a5-cf474c02fb49,LIFE CARE CENTER OF PLYMOUTH,94 OBERY STREET,PLYMOUTH,MA,023602130,41.93725,-70.65503160208334,5087479800,0.0,17
65450d34-6d61-3601-b325-9d471587b016,MEDICAL HEALTHCARE SPECIALISTS P.C.,4 COURTHOUSE LN,CHELMSFORD,MA,018241731,42.62439345,-71.35881000636567,9784598400,0.0,58
05bcaa3e-aa5d-3b03-ba26-7e4d2e083681,ONE LOVE LANE OPERATOR LLC,1 LOVE LN,SOUTH DENNIS,MA,026603445,41.699084799999994,-70.13271830347861,(508) 385-6034,0.0,1
59d1f454-5701-3f71-8fe7-94f785e15062,57 OLD ROAD TO NINE ACRE CORNER OPERATING COMPANY  LLC,57 OLD ROAD TO 9 ACRE CORNER,WEST CONCORD,MA,017423317,42.4566859,-71.3942316,9783713400,0.0,1
fa564970-fde4-332c-91d9-c0747b032d3e,RIVERBEND OF SOUTH NATICK,34 SOUTH LINCOLN STREET,NATICK,MA,017606049,42.2731232,-71.3105334275248,5086538330,0.0,5
1311c44a-85cb-3aea-a143-e5d7892ced8b,GROVE HILL MEDICAL CENTER PC,300 KENSINGTON AVE,SPRINGFIELD,MA,011071139,42.091896,-72.559437,8602246201,0.0,61
b4359169-6bc8-3e93-9e0c-19c6bf518e58,HDH CORPORATION,126 MONUMENT ST,HAVERHILL,MA,018322527,42.78715445,-71.10946686154523,9783731747,0.0,1
667b46fe-0afa-3f70-a311-bbe3d52db050,URGENT CARE CENTERS OF CENTRAL MASSACHUSETTS LLC,757 BOSTON POST RD,WORCESTER,MA,016071728,42.231371,-72.165386,6173024194,0.0,7
a4af40b8-0ddb-34bb-ae4a-95a17e9ad6f3,COMPASSIONATE CARE HOSPICE OF SOUTHEASTERN MASS LL,100 MYLES STANDISH BOULEVARD  SUITE 103,TAUNTON,MA,027807340,41.948930849999996,-71.14141318475193,5083995900,0.0,4
f945589f-88aa-366b-9e9d-2418d091112d,CENTER FOR DIGESTIVE WELLNESS PC,105 ERDMAN WAY,LEOMINSTER,MA,014531805,42.54685255,-71.75737313871981,9785377552,0.0,98
fe675917-7b09-3afd-a6e6-128cc4de4734,INTERNATIONAL HEALTH SOLUTIONS,319A ALLSTON STREET,BRIGHTON,MA,021357652,42.345093,-71.139804,9786891907,0.0,85
bdc3ee76-9cf3-316d-b202-a8da1ea3fa20,KINDRED HOSPICE,130 RUMFORD AVENUE  SUITE 211,AUBURNDALE,MA,024661370,42.35853505,-71.24125521214887,6176634997,0.0,31
7f08f09e-c5f7-38cd-83ba-ddafedd88a13,VERO HEALTH XVII  LLC,133 SALEM ST,REVERE,MA,021511114,42.43833805,-71.01730877599738,7813224861,0.0,2
8e3ca57f-6f74-3d61-9803-ab1424290216,ACADEMY MANOR,89 MORTON STREET,ANDOVER,MA,018102036,42.6551409,-71.12857340697036,9784750944,0.0,18
5fcff9db-16e4-3e56-aa78-abbc16338097,THE LOWELL GENERAL HOSPITAL,295 VARNUM AVE,WESTFORD,MA,018863513,42.5792583,-71.4378411,9789376000,0.0,383
fa09396a-2926-3b21-ad0c-9f6cabbce0eb,WOONSOCKET URGENT CARE PC,1210 BOSTON PROVIDENCE TPKE,NORWOOD,MA,020625061,42.1714075,-71.1951186,4017662700,0.0,1
84abfbd5-41c1-3df4-9b31-7ca93cb2309a,SKIN WELLNESS PHYSICIANS LLC,85 HERRICK ST,BEVERLY,MA,019151790,42.56415055,-70.8751357650672,9785247933,0.0,84
2617efb0-1afe-3c9c-afbe-2ca94f9c198c,PINNACLE HEALTHCARE SERVICES LLC,140 WOOD RD,WEYMOUTH,MA,021901338,42.2212188,-70.9391625,7818841539,0.0,52
1ddd51d1-7297-3c3b-bad5-98aecd5e4a79,BAYADA HOME HEALTH CARE  INC,127 CAMBRIDGE STREET  SUTIE #2B,BURLINGTON,MA,018033735,42.50188325,-71.19559351572005,6174721333,0.0,2
4cb90b5f-734d-322f-a2f2-776824e1ce35,SPECTRUM HOME HEALTH AND HOSPICE CARE,770 CONVERSE STREET,LONGMEADOW,MA,011061719,42.0639853,-72.5521444,4135652500,0.0,1
93c3d861-e05d-33b9-91eb-1768470229d7,PAIN AND WELLNESS CENTER,10 CENTENNIAL DR,PEABODY,MA,019607938,42.5261827,-70.9529896,9788267230,0.0,34
c272e12f-e154-3fee-b05d-b7c0cab2657d,STEWARD NORWOOD HOSPITAL INC,800 WASHINGTON ST,NORWOOD,MA,020623487,42.1886973,-71.2005241,7817692950,0.0,72
b99b7849-2b53-33fb-8ce2-e3a95f17ae51,DIVINE HEALTH LLC,910 BOSTON POST ROAD SUITE 320,MARLBOROUGH,MA,017523761,42.355106,-71.47654,5084858080,0.0,2
32fcdfba-8c93-30f4-b15b-dd3b65c29deb,ELAINE CENTER AT HADLEY,20 NORTH MAPLE STREET,HADLEY,MA,010359715,42.3615107,-72.55261320852942,4135845057,0.0,9
0ddb0329-b59d-3187-874c-602c649249c8,BAYSTATE NOBLE HOSPITAL CORPORATION,115 W SILVER ST,WESTFIELD,MA,010853678,42.1178811,-72.75935246865802,4135682811,0.0,109
d85d8f19-03ac-3ad5-957d-e8a36f7002de,BERKSHIRE MEDICAL CENTER INC,165 TOR CT,PITTSFIELD,MA,012013001,42.457583299999996,-73.2812227954125,4134472862,0.0,25
02c936e2-3aee-38b2-88a4-81f3689b7bb7,BENJAMIN HEALTHCARE CENTER,120 FISHER AVENUE,BOSTON,MA,021203320,42.3276141,-71.1051603,6177381500,0.0,100
609ec9f1-e806-3427-b912-9e3b2915521d,HOLYOKE VISITING NURSE ASSOC,575 BEECH STREET,HOLYOKE,MA,010406604,42.20105435,-72.628169560868,4135345691,0.0,52
bff65303-97b4-3841-950a-1c9e9e735de0,SOUTHPOINTE REHAB CENTER LLC,100 AMITY ST,FALL RIVER,MA,027212202,41.6737661,-71.16934217317342,5082353600,0.0,4
bf556284-7513-3620-a10e-5393183a9a87,STEWARD ST. ANNES HOSPITAL CORPORATION,795 MIDDLE ST,FALL RIVER,MA,027211733,41.6924092,-71.16345107025307,5086745600,0.0,343
e93b27a8-6507-3595-84a5-f899ce23a72d,HOLY FAMILY MEDICAL SPECIALTY PRACTICE PLLC,70 EAST STREET,NORTH ANDOVER,MA,018456144,42.6839894,-71.1127065,9786872273,0.0,28
352fd476-d328-3a61-9f9b-d2c2fbb2a233,LONGMEADOW OF TAUNTON,68 DEAN ST,TAUNTON,MA,027802713,41.904424750000004,-71.07901221565147,5088241467,0.0,1
2b84e56e-08b4-3078-b3ea-4d159208e065,HORIZONS HEALTH & WELLNESS LLC,1029 PLEASANT ST,BRIDGEWATER,MA,023242301,41.9718173,-71.00937893001648,7815859522,0.0,229
7b9a19b2-d900-3f93-a47b-4b88491fb57b,BANE BAY PATH LLC,308 KINGSTOWN WAY,DUXBURY,MA,023324647,42.030389650000004,-70.73959947632582,7815855561,0.0,3
4ffa4412-1493-3beb-b8f0-6614dde953a4,SOUTHCOAST HOSPITAL GROUP  INC,363 HIGHLAND AVENUE,WAREHAM,MA,025715011,41.745636,-70.658192,5086793131,0.0,172
a14e698d-a9ba-3eae-9c8b-682ec726433d,LYNN URGENT CARE LLC,776 WESTERN AVE,LYNN,MA,019052408,42.466763,-70.9494939,6178939901,0.0,64
69eae27b-7445-3652-bd34-b535abe0b011,MANET COMMUNITY HEALTH CENTER  INC.,9 BICKNELL ST,QUINCY,MA,021696003,42.252227399999995,-70.96584679278924,6174714715,0.0,23
dd9914b0-9491-3330-a890-d34e95e497ea,CHILD & FAMILY SERVICES  INC.,1061 PLEASANT ST,NEW BEDFORD,MA,027406728,41.64280275,-70.92865004309593,5089968572,0.0,17
d4b9a3f0-210d-3e46-a2c7-e099658ac543,NEWBRIDGE ON THE CHARLES SKILLED NURSING FACILITY,7000 GREAT MEADOW ROAD,DEDHAM,MA,020264090,42.266408549999994,-71.19518435636284,7812349660,0.0,11
7f26da64-69ab-3db4-b285-c48c9836a653,BEAR MT LOWELL LLC,500 WENTWORTH AVE,LOWELL,MA,018524937,42.631409,-71.283668,9784581271,0.0,2
a247ed53-5f17-3eb5-87be-1d2257fa1579,LEOMINSTER REHABILITATION AND NURSING CENTER LLC,44 KEYSTONE DR,LEOMINSTER,MA,014531904,42.55144955,-71.74402465363428,9785379327,0.0,1
4c1a8ea6-b690-3c28-a02e-ebd82190ee65,SOUTH COVE COMMUNITY HEALTH CENTER  INC,885 WASHINGTON ST,BOSTON,MA,021111415,42.3479909,-71.064924,6174827555,0.0,2
a7147477-c4dd-3018-b921-2707d7e098ee,HANCOCK PARK REHABILITATION AND NURSING CENTER,164 PARKINGWAY,QUINCY,MA,021695020,42.245070088637796,-71.00313070924581,6177734222,0.0,4
5ba6765a-f335-36b0-9c6a-6bb494c5330d,URGENT CARE MEDICAL ASSOCIATES  LLC,31 OLD ROUTE 7,WESTWOOD,MA,020902333,42.2139873,-71.2244987,2038850808,0.0,12
b6eeaaf7-1683-3bcb-b6ee-81ce304636ef,MELROSEWAKEFIELD HEALTHCARE  INC,170 GOVERNORS AVE,MELROSE,MA,021763225,42.4564323,-71.064182,7819793050,0.0,758
ed5fc1f7-0ecb-3973-a5fc-89f80c6f5c9f,CORNERSTONE FAMILY PRACTICE,303 C HAVERHILL STREET,ROWLEY,MA,019692101,42.704962,-70.90837,9789483902,0.0,19
d613e441-68e8-3502-8adb-3f770a1276bf,PALMER FAMILY SERVICES LLC,114 WATER ST,MILFORD,MA,017573007,42.13661855,-71.53474614336832,5084782008,0.0,93
de29a374-221b-3cb4-8051-a02c1a35e5b7,FAMILY MEDICINE ASSOCIATES OF SOUTH ATTLEBORO  P.C.,562 WASHINGTON ST,SOUTH ATTLEBORO,MA,027036942,41.912892049999996,-71.36135809627689,5087615650,0.0,243
b03b624d-c939-3688-986d-9555b8009a3b,HOLYOKE HEALTH CENTER INC,230 MAPLE ST,HOLYOKE,MA,010405144,42.207406,-72.608419,4134202122,0.0,123
ea153d0a-9ccc-3769-9a25-934b417071b7,NEW ENGLAND FAMILY HEALTH LLC,463 WORCESTER RD,FRAMINGHAM,MA,017015354,42.3095704,-71.4413097,5082150015,0.0,42
ace1ac31-036a-38fd-b451-b3b87157c717,BOSTON HEALTH CARE FOR THE HOMELESS PROGRAM INC,170 MORTON ST,BOSTON,MA,021303735,42.299067750000006,-71.10124351911541,6179830351,0.0,53
469171e3-f6ec-3258-8e16-7038f6a439c0,COUNTRYSIDE HEALTH CARE OF MILFORD,COUNTRYSIDE DRIVE,MILFORD,MA,017571252,42.1413353,-71.5192019,5084730435,0.0,5
18061fd5-fda8-3e2d-87f0-0f3c87211bcc,CAMBRIDGE PUBLIC HEALTH COMMISSION,1493 CAMBRIDGE ST,SOMERVILLE,MA,021431408,42.3875968,-71.0994968,6176651000,0.0,130
1faab3d1-2ae5-3110-8e5f-c65b92ca906d,FAIRVIEW HOSPITAL,29 LEWIS AVE,GREAT BARRINGTON,MA,012301713,42.19093125,-73.3715000043024,4135280790,0.0,270
76281d34-caff-30e0-8545-bcdf33182109,CLIFTON REHABILITATION NURSING CENTER,500 WILBUR AVENUE,SOMERSET,MA,027252051,41.72075205,-71.16843052114558,5086757589,0.0,18
b3ada130-6443-3a8e-98c7-4ec127a2b0c4,LIFE CARE CENTER OF ACTON,ONE GREAT ROAD,ACTON,MA,017205601,42.4850931,-71.43284,9782639101,0.0,36
a36dcb53-a762-38d4-ae84-40f46195a6dd,260 EASTHAMPTON ROAD OPERATING COMPANY LLC,260 EASTHAMPTON ROAD,HOLYOKE,MA,010401213,42.226424,-72.646798,4135389733,0.0,1
7489f6e0-fee6-3fff-90b6-444868eb907c,ABBOTT HOME HEALTH CARE  INC,1 KIDDIE DRIVE  SUITE 106,AVON,MA,023221182,42.130150349999994,-71.05720685110387,7813440344,0.0,3
06f1d816-dd54-3409-bd94-8dc2745f807c,ELARA CARING,12 KENT WAY  SUITE 210,BYFIELD,MA,019221221,42.75468625,-70.9451078257969,9784620209,0.0,2
acffdfa8-1383-3929-8c99-e73969491439,BRIGHAM AND WOMEN'S FAULKNER HOSPITAL  INC.,1153 CENTRE ST,BOSTON,MA,021303446,42.3017598,-71.12855793387442,6179837470,0.0,79
545dcda5-7471-374e-9251-b4b685197d3c,COMMUNITY HEALTH CONNECTIONS  INC,175 CONNORS STREET,GARDNER,MA,014402637,42.5730593,-71.99713285,9784106100,0.0,319
43e33b67-64ac-3314-99ee-114fb2b56b80,TRINITY HEALTH OF NEW ENGLAND AT HOME,200 HILLSIDE CIRCLE  SUITE 2,WEST SPRINGFIELD,MA,010894681,42.105237,-72.6213712,4135360503,0.0,2
1e11392b-1278-3e70-93cd-f396cbd0c265,VHS ACQUISITION SUBSIDIARY NUMBER 9  INC.,115 LINCOLN ST,NATICK,MA,017607700,42.2843753,-71.3441395,5086507000,0.0,164
fe30f2b4-9bc8-346e-afba-4455d1766545,KATZMAN FAMILY CENTER FOR LIVING,17 LAFAYETTE AVENUE,CHELSEA,MA,021502010,42.40019115,-71.03050082480353,6178846766,0.0,8
6cf8a214-8d57-3267-85e5-7719e15cd63e,LEMUEL SHATTUCK HOSPITAL,170 MORTON STREET,JAMAICA PLAIN,MA,021303735,42.299067750000006,-71.10124351911541,6175228110,0.0,121
13161e5b-02d2-3d19-8b48-26ef0becfc83,LEONARD FLORENCE CENTER FOR LIVING,165 CAPTAIN'S ROW,CHELSEA,MA,021504019,42.3917638,-71.0328284,6178870001,0.0,2
4bc0cc09-77e5-37f5-844d-64a6637cae54,WESTERN MASSACHUSETTS HOSPITAL,91 EAST MOUNTAIN ROAD,WESTFIELD,MA,010851801,42.110743549999995,-72.70066160206358,4135624131,0.0,87
2fd34be1-9720-3dad-b8bd-815e173b92fb,LEDGEWOOD SNF LLC,87 HERRICK ST,BEVERLY,MA,019152773,42.56523335,-70.87472842494441,9789211392,0.0,2
0fedae9f-701f-3317-9b2f-69aea2202cdc,BOSTON MEDICAL CENTER CORPORATION-,88 EAST NEWTON STREET,WINTHROP,MA,021522715,42.3750976,-70.982827,6176388000,0.0,245
c7b63332-fdc7-3ab3-936b-284b931a9f6a,HERITAGE HALL NORTH,55 COOPER STREET,AGAWAM,MA,010012149,42.080218599999995,-72.61816103207964,4137868000,0.0,8
ccb716b1-277f-3eff-999f-3ac0df45713a,LAFAYETTE REHABILITATION AND SKILLED NURSING FACILITY  INC.,25 LAFAYETTE ST,MARBLEHEAD,MA,019451939,42.4938348,-70.87382362834484,7816314535,0.0,2
86bbc3aa-e927-3d56-9d77-ab701b4b2926,FALL RIVER JEWISH HOME  INC,538 ROBESON STREET,FALL RIVER,MA,027205496,41.707225,-71.1432141111111,5086796172,0.0,2
9ab139f5-d278-31b4-b44e-feffdea65613,KINDRED AT HOME,88 ROUTE 6A 101,SANDWICH,MA,025631866,41.764922,-70.502215,5088882932,0.0,17
4b7c1695-a178-3e03-8651-51acfd3b8372,DOCTORS JAMES AND KELLY HOYE PARTNERS IN FAMILY CARE,600 OLD SOMERSET AVE,NORTH DIGHTON,MA,027641824,41.86399,-71.1244904,5088247557,0.0,131
0b5f4cda-f9ae-36a8-a94c-ffbf56f45236,ALL CARE HOSPICE INC.,210 MARKET ST,NORTH ANDOVER,MA,018451656,42.6839894,-71.1127065,7815982454,0.0,3
aade280a-3b90-3e48-9648-91109a964a63,AP MEDICAL LLC,909 SUMNER ST,DARTMOUTH,MA,027473826,41.6332267,-70.9879928,5089715190,0.0,563
18764c6a-31fe-391c-80ac-6a5b761e06d6,19 OBERY STREET OPERATOR LLC,19 OBERY ST,PLYMOUTH,MA,023602129,41.94456995,-70.64966444737888,5087474790,0.0,1
df3ffcde-b9eb-3965-acdf-f56a6d1424c4,CAREGROUP PARMENTER HOME CARE & HOSPICE INC,1 ARSENAL MARKET PL,WAYLAND,MA,017781840,42.3632063,-71.3606721,6176731700,0.0,3
981338c4-287c-3621-bc45-8b0b9f1b8922,DR. HE'S PRIMARY CARE FOR ADULTS INC,640 BOLTON ST,MARLBOROUGH,MA,017523999,42.3658183,-71.55914630258509,5084810200,0.0,47
1e8b3677-a601-3afa-8a48-a978d873c271,BOSTON HEALTH CARE FOR THE HOMELESS PROGRAM INC,444 HARRISON AVE,BOSTON,MA,021182404,42.3432437,-71.0644988,8576541850,0.0,8
7a3b8310-02eb-3c47-aa1b-3f55b3ed9de9,ON CALL URGENT CARE  LLC,6 HATFIELD ST,NORTHAMPTON,MA,010602545,42.333172950000005,-72.6566355591273,4135847425,0.0,55
ecadbc11-930c-3903-b706-f8ef4bc9089e,PRIMARY CARE ASSOCIATES LLC,780 CHESTNUT ST,SPRINGFIELD,MA,011031109,42.1211633,-72.60614164702717,4137872800,0.0,24
0f9d1260-db33-3483-b2b6-5483cfcb739c,ENHANCED MEDICAL CARE  LLC,361 WOODWARD ST,WABAN,MA,024682027,42.326011949999994,-71.2254251580706,6177774080,0.0,47
ad007cc5-a3df-3aa7-886d-5123ab59d189,MADONNA MANOR  INC.,85 N WASHINGTON ST,NORTH ATTLEBORO,MA,027601634,41.98443775,-71.33190349847027,5086992740,0.0,5
f480acd0-7ef1-350d-aae6-d8e7d53ace57,MANET COMMUNITY HEALTH CENTER  INC.,1193 SEA ST,QUINCY,MA,021693544,42.26883395,-70.95264075087945,6174718683,0.0,49
794b1cc2-97be-30a4-83a0-4bf6add43c74,ST JOSEPH MANOR HEALTH CARE INC,215 THATCHER STREET,BROCKTON,MA,023023949,42.0740963,-70.99660306096918,5085835834,0.0,12
440fa4b8-c731-3cf5-81d9-aa3f30a37b95,LAHEY HOSPITAL & MEDICAL CENTER  BURLINGTON,41 & 45 MALL ROAD,PEABODY,MA,019602901,42.5278731,-70.9286609,7817445100,0.0,352
0fab3c4e-a028-39a6-b15a-be5a88b6aa2a,ENCOMPASS HEALTH REHAB HOSPITAL OF WESTERN MASS,222 STATE STREET,LUDLOW,MA,010563437,42.15547415,-72.47222226666076,4135897581,0.0,323
b0016371-afcb-37a6-8f90-5e3786e7806f,JEWISH HEALTHCARE CENTER INC,629 SALISBURY ST,WORCESTER,MA,016091120,42.2932691,-71.8390048,5087988653,0.0,2
3b021cb6-4745-3d9d-8436-230055f770bd,BETH ISRAEL DEACONESS HOSPITAL-NEEDHAM  INC.,148 CHESTNUT ST,NEEDHAM,MA,024943238,42.27728075,-71.23665362814043,7814533000,0.0,395
aaa7ebaf-b1a0-38c1-ba89-a16712cf431c,BRIDGEWATER NURSING HOME,16 PLEASANT STREET,BRIDGEWATER,MA,023242420,41.98625885,-70.97978204646246,5086974616,0.0,24
ce53c877-0290-390a-b4b4-2462001a1713,CIRCLE HOME,847 ROGERS STREET  SUITE 201,LOWELL,MA,018524345,42.6275246,-71.27673639687623,9784599343,0.0,18
34f0b10a-5e29-31de-a75e-e0bb03c0c0d4,WESTON PRIMARY CARE  PC,56 COLPITTS RD,WESTON,MA,024931568,42.36610065,-71.3036759,7818910906,0.0,71
e9a24be5-b0a3-3fd2-a606-dd13498024ea,NORTON HEALTH CARE PC,85 E MAIN ST STE A,NORTON,MA,027662307,41.971697,-71.17689334021827,5089301927,0.0,74
57e4e5fa-d68d-3caa-a5ad-37beb1b51207,STEWARD NORWOOD HOSPITAL INC,800 WASHINGTON ST,NORWOOD,MA,020623487,42.1886973,-71.2005241,7812784120,0.0,5
2c1eda9d-6d75-3c4e-86f1-d850d4ccfcdf,BEAUMONT WHITNEY PLACE NORTHBOROUGH,238 W MAIN ST,NORTHBOROUGH,MA,015321804,42.31181264999999,-71.65685612428547,5083932368,0.0,1
b20a0fe1-53b3-33fc-8acb-bc9a2df64e57,NASHOBA NURSING SERVICE,3 PATTERSON ROAD  SUITE 3,SHIRLEY,MA,014642907,42.552462649999995,-71.62383665745185,9784256675,0.0,5
2befa435-3070-3350-a15c-e43ac1e84b24,HOLYOKE VISITING NURSE ASSOC & HOSPICE LIFE CARE,575 BEECH STREET,HOLYOKE,MA,010406604,42.20105435,-72.628169560868,4135345691,0.0,11
05b2593e-1bc1-32ee-8d9f-0aad4fa74ff0,VA Boston Healthcare System  Brockton Campus,940 Belmont Street,Brockton,MA,02301,42.065655,-71.05398,508-583-4500 Or 508-583-4500,0.0,108
c92cc255-6778-3307-8092-987d667be4ce,SALEM FAMILY HEALTH CENTER,89 FOSTER ST,PEABODY,MA,019608925,42.5278731,-70.9286609,9785324903,0.0,32
00ffb204-07b4-3c72-a678-fa252e6cf86c,BEDFORD-LEXINGTON INTERNAL MEDICINE  PC,450 BEDFORD ST,LEXINGTON,MA,02420,42.47370735,-71.25090005,7812746274,0.0,64
ad82d624-72eb-3c7d-a76d-79f2668d1390,WOODLAND INTERNISTS  P.C.,3 WOODLAND RD,STONEHAM,MA,021801711,42.452443099999996,-71.08939988105112,7816627990,0.0,251
70a26106-6797-39f8-83e6-6bcf212b99ad,CEDAR STREET FAMILY CLINIC INC,340 MAIN ST,WORCESTER,MA,016081601,42.53616075,-71.74831883675786,5087521331,0.0,42
b8421363-9807-3b16-a146-95336eea5cfb,COOLEY DICKINSON HOSPITAL INC,30 LOCUST ST,NORTHAMPTON,MA,010602052,42.33032115,-72.65330802608176,4135822000,0.0,1549
8424b5ec-ba0a-32e9-94ae-a9d397884093,GENTLE HOME CARE SERVICES,49 BLANCHARD STREET  SUITE 101,LAWRENCE,MA,018431456,42.69651155,-71.1612176954981,9782588479,0.0,6
3498e7d3-90fd-366b-bc6a-6f41dad6bae6,COLEMAN HOUSE,112 WEST MAIN STREET,NORTHBOROUGH,MA,015321824,42.318559050000005,-71.65097281611972,5083519355,0.0,3
37111f41-8bc5-35d3-9cd9-5b447a11ffd1,NEVINS NURSING & REHABILITATION CENTER,TEN INGALLS COURT,METHUEN,MA,018443712,42.7262016,-71.1908924,9786827611,0.0,54
68ea50ba-275f-3f6c-ad1f-0aefae7144eb,25 ARMORY STREET OPERATOR LLC,25 ARMORY ST,WEST NEWTON,MA,024652110,42.3504314,-71.21988040449209,6179692300,0.0,2
24460683-f514-37ef-98c1-724b2fc9aa2a,THE COMMONWEALTH OF MASSACHUSETTS,60 HODGES AVE,TAUNTON,MA,027803034,41.91158935,-71.10129620180315,5089773110,0.0,78
f964d209-adbb-3f11-80ce-5687e587363a,CT-FAMILY CARE SERVICES LLC,155 MAPLE ST,SPRINGFIELD,MA,011051828,42.1004364,-72.57897095,8604328862,0.0,24
945104f1-4b95-3eed-bd02-5efa0afbf34d,DIGNITY HOSPICE CARE INC,20 CENTRAL AVE # 506,LYNN,MA,019011201,42.46410018181818,-70.9465129090909,8572054114,0.0,1
3076e02a-deac-3e81-96a9-1d32cbda6fca,GARDNER REHABILITATION AND NURSING CENTER,59 EASTWOOD CIRCLE,GARDNER,MA,014403901,42.567006649999996,-71.97817904424542,9786328776,0.0,38
1563fcb4-76a9-3ea4-863d-e276f38b9b3e,GREATER LAWRENCE FAMILY HEALTH CENTER INC,700 ESSEX STREET,LAWRENCE,MA,018414396,42.7020708,-71.17231,9786892400,0.0,26
fbd4ccdf-2fdb-3652-9bbe-1ccff886bd34,CROWN HOME HEALTHCARE MA  INC,320 CENTRAL STREET  UNIT A2,SAUGUS,MA,019062372,42.4632069,-71.0093761,7812153815,0.0,12
65f0254a-73a3-3b06-bced-54d511445535,ALLIANCE HEALTH AT MARIE ESTHER,720 BOSTON POST ROAD,MARLBOROUGH,MA,017523766,42.355106,-71.47654,5084853791,0.0,18
b8e724d5-b999-3029-8a2d-ad30fbd0b9ce,BROCKTON NEIGHBORHOOD HEALTH CENTER  INC,63 MAIN ST,BROCKTON,MA,023014042,42.084598840000005,-71.01995972,5085596699,0.0,17
901c2d40-1ca3-3879-9a20-c663b8adc0a9,TUFTS MEDICAL CENTER,800 WASHINGTON STREET,STONEHAM,MA,021802445,42.4863168,-71.0928919,6176365000,0.0,214
6170552c-4d27-3e64-8068-64a380f1837d,WP ACQUISITION SUB LLC,76 SUMMER ST,HAVERHILL,MA,018305814,42.7786873,-71.07306505177553,6158616000,0.0,162
e6cc6043-299a-3581-8f6b-b3b5d62c46ae,CARING HEALTH CENTER  INC,532 SUMNER AVE,SPRINGFIELD,MA,011082458,42.08631583333334,-72.55792579166666,4137391100,0.0,90
b9e35b8a-9831-32d8-a6dc-d7a546c126b0,VIBRA HOSPITAL OF WESTERN MASS - CENTRAL CAMPUS,111 HUNTOON MEMORIAL HIGHWAY  1ST FLOOR,SPRINGFIELD,MA,011092550,42.1018764,-72.5886727,4137876700,0.0,1280
06988693-a9d8-392b-a2ce-a07de8a931ad,BEAR MT SUDBURY LLC,136 BOSTON POST RD,SUDBURY,MA,017762406,42.3638568,-71.39664274207772,9784432722,0.0,1
70d5bbef-3c05-3318-b9d7-003dc8fbb8cf,MARIAN MANOR  INC.,33 SUMMER ST,TAUNTON,MA,027803479,41.9005416,-71.08895606814966,5088224885,0.0,1
22249c0a-8ce9-3726-a3bb-b037c773ce5c,BOSTONIAN NURSING CARE & REHABILITATION CTR  THE,337 NEPONSET AVENUE,DORCHESTER,MA,021223103,42.2875144,-71.0470691675753,6172652350,0.0,6
38508743-50d1-3429-8fe2-37e42ddaf20e,BAYSTATE FRANKLIN MEDICAL CENTER,164 HIGH ST,GREENFIELD,MA,013012778,42.595268700000005,-72.59288632376354,4137730211,0.0,675
e1818b21-4458-3b9c-b2b8-7ed6f57ae078,LIFE CARE CENTER OF WILBRAHAM,2399 BOSTON ROAD,WILBRAHAM,MA,010951185,42.14668485,-72.45048427046072,4135963111,0.0,7
328f813e-4de8-3ec2-a113-43f3ddfb0b2a,DILIGENCEHEALTHCARE,30-40 WESTPARK STREET,BROCKTON,MA,023015241,42.0834335,-71.0183787,8574539843,0.0,81
8d110f42-6f75-3751-b0c5-b45ab08333a1,MORTON HOSPITAL,88 WASHINGTON ST,TAUNTON,MA,027802465,41.9062805,-71.09518121351795,5088287000,0.0,434
200746fc-5d0f-3ec7-a2a9-3d9a219ee139,COMPASSIONATE CARE HOSPICE,800 CUMMINGS PARK  SUITE 3100,WOBURN,MA,018016355,42.4977745,-71.1237712,7819355550,0.0,85
dd3307db-114c-3f11-be44-a9eef6bb3fc5,LYNN COMMUNITY HEALTH,269 UNION STREET,LYNN,MA,019011201,42.4652772,-70.94362420273097,7815962502,0.0,82
f2068cee-c75c-321d-9b2c-c33535db89c9,CARING HEALTHCARE SERVICES LLC,32 BOSSI AVE,RANDOLPH,MA,023682002,42.20017865,-71.0582074,6172300787,0.0,146
15d4c950-4691-3996-b4c4-bf06bfb58ff7,HOLY FAMILY HOSPITAL,70 EAST ST,METHUEN,MA,018445883,42.7285558,-71.16833738237946,9786870151,0.0,506
118e081c-c2f2-35cd-b9c3-ef534f1b7830,BEAR MT READING LLC,1364 MAIN ST,READING,MA,018671137,42.55581805,-71.10585713492983,7819421210,0.0,1
5018c664-e283-30eb-932a-529d9a19b3b5,FIRST PSYCHIATRIC PLANNERS  INC,300 SOUTH ST,WOBURN,MA,018014979,42.473347,-71.144086,6174690300,0.0,617
2e8b42f8-4300-30a9-a576-d513d1021a0a,GREATER LOWELL FAMILY PRACTICE PC,600 CLARK RD,TEWKSBURY,MA,018761699,42.63120935,-71.27023603178071,9784538446,0.0,169
0caa0116-ef9a-3d4c-bcff-9c405a9d2bda,TRANQUILITY HEALTH AND WELLNESS PROFESSIONALS LLC,105 CHESTNUT ST STE 35,PLYMOUTH,MA,023604054,41.884685,-70.847219,5085633003,0.0,25
5ba77f2c-8ce5-3dde-bb46-3ffcceb3bfbf,188 FLORENCE STREET OPERATOR LLC,188 FLORENCE ST,CHESTNUT HILL,MA,024672641,42.31835025,-71.17401686317635,6173324730,0.0,2
d140ed3f-2696-3e78-bd77-1c959ec4fc4d,HATHAWAY MANOR EXTENDED CARE,863 HATHAWAY ROAD,NEW BEDFORD,MA,027401916,41.6512968,-70.9669902070805,5089966763,0.0,49
1cff30ba-b91f-3ea2-b80b-770d67856358,ROYAL NURSING CENTER  LLC,359 JONES RD,FALMOUTH,MA,025403341,41.5591273,-70.60352436630029,7743450220,0.0,21
d4e48a16-0a60-3e90-81e5-c35b22ffe6af,GREEN MOUNTAIN URGENT CARE LLC,856 STATE RD,NORTH ADAMS,MA,012473027,42.69967208677275,-73.16330754755236,6035264635,0.0,5
4ff8b164-4cf5-3ab4-b0f2-7ce8fda920e5,CARDIOVASCULAR CENTER AT TUFTS MEDICAL CENTER INC,800 WASHINGTON ST,WORCESTER,MA,016550002,42.180483,-71.867782,6176365000,0.0,76
f7171d7c-0d92-33cf-98dc-abd628d79750,ARMENIAN NURSING & REHABILITATION CENTER  INC.,431 POND ST,JAMAICA PLAIN,MA,021303402,42.310128500000005,-71.1321602569144,6175222600,0.0,1
e39e92a8-2fde-314a-8fb1-8551218f03d9,PLEASANT VALLEY INTERNISTS PC,60 EAST ST,METHUEN,MA,018444547,42.7265686,-71.16640139527428,9786890869,0.0,69
bccd7d67-203c-3d93-b6b0-bff5a146cd1d,CARECENTRAL URGENT CARE MEDICAL GROUP PC,286 WASHINGTON ST,STOUGHTON,MA,020721763,42.1384306,-71.1022598,7813412800,0.0,49
07baae96-3d74-3c69-a845-dad7b792eb52,EMTAR HEALTH CARE INC,42 ASBURY ST,SOUTH HAMILTON,MA,019821808,42.61322825,-70.87300675048934,9784684101,0.0,90
63cb4d95-04a9-3a35-b5d9-f89e0377a48d,STURDY MEMORIAL HOSPITAL INC,211 PARK ST,ATTLEBORO,MA,027033143,41.9419187,-71.2752081695297,5082368110,0.0,1238
13f83225-b984-345a-a353-11237d5aadfb,ORANGE PULMONARY AND INTERNAL MEDICINE,450 W RIVER ST,ORANGE,MA,013641408,42.5928702,-72.32953998953418,9785441505,0.0,49
6e290541-eba3-37fc-a3e2-e58f77e84c7e,JEWISH FAMILY SERVICE OF WESTERN MASSACHUSETTS INC.,15 LENOX ST.,SPRINGFIELD,MA,011083122,42.085779,-72.55846414285715,4137372601,0.0,43
263d1b03-1560-3fc3-b93d-c33a0cbd5837,HOSPICE SERVICES OF MASSACHUSETTS,10 RIVERSIDE DRIVE  STE 201,LAKEVILLE,MA,023471689,41.8771119,-70.92344635,5082910049,0.0,19
32741060-a632-36de-907b-3c21caacf07a,REVOLUTION AT SOMERSET POINT LLC,455 BRAYTON AVE,SOMERSET,MA,027262642,41.7294555,-71.16190171707717,5086792240,0.0,2
4e880cb9-1ca0-3582-b8cf-8a59b0d2b878,BERKSHIRE INTERNAL MEDICINE LLC,51 S CHURCH ST,PITTSFIELD,MA,012016178,42.44648205,-73.25863241543368,4137688217,0.0,60
a2a41caf-758f-3962-8e5f-e6e603f93d17,VIBRA HOSPITAL OF WESTERN MASSACHUSETTS LLC,111 HUNTOON MEMORIAL HWY,ROCHDALE,MA,015421305,42.2020225,-71.89891616754682,5088926000,0.0,270
ca62a361-9c79-32d1-92cc-ffc0d5d19679,IDEAL HEALTHCARE SOLUTIONS LLC,19 HENRY ST,SHARON,MA,020671714,42.109147300000004,-71.20768205338297,7817840141,0.0,50
0d24cc89-3256-330c-b36d-d8de8babef84,CAPE COD HEALTHCARE PHYSICIANS,1030 FALMOUTH RD,SOUTH YARMOUTH,MA,026641218,41.6667779,-70.1847414,5087784777,0.0,22
db28cc9a-fdfb-35a6-aef7-ab9b933ef244,CAMBRIDGE REHABILITATION & NURSING CENTER,8 DANA STREET,CAMBRIDGE,MA,021385402,42.3694992,-71.11011030010101,6178644267,0.0,31
844a8cb2-4164-35b2-88b8-dffa2889a738,CENTER FOR EXTENDED CARE AT AMHERST,150 UNIVERSITY DRIVE,AMHERST,MA,010022232,42.368937,-72.53247107203978,4132568185,0.0,7
a6fb79e7-4abb-3a68-b62d-e501427fdca4,AUBURN PRIMARY CARE AND AESTHETICS,489 WASHINGTON ST STE 202,AUBURN,MA,015015709,42.187836,-71.83104,5087969211,0.0,47
5117bb89-3a9f-3740-a0f1-c3a1a8d7851e,FAMILY PRACTICE ASSOCIATES R TAYLOR E HEYMAN & R LEE PTRS,20 ELM ST,PITTSFIELD,MA,012016502,42.4458896,-73.2448206979669,4134421019,0.0,4
4e3c60e6-dbed-32c3-9b03-767d7fbc82b0,LEEDS MA SNF LLC,222 RIVER RD,LEEDS,MA,010539783,42.364084399999996,-72.70745188531934,4135848457,0.0,1
9d0e702d-50a0-3f4c-9126-0951d560fd4b,NEW ENGLAND REHABILITATION SERVICES OF CENTRAL MASSACHUSETTS INC,189 MAY ST,WORCESTER,MA,016024339,42.25986305,-71.83597786023279,5087916351,0.0,538
f0e3e152-0b08-3819-b962-b043f63f6dc1,NORTHWOOD REHABILITATION & HEALTHCARE CENTER,1010 VARNUM AVENUE,LOWELL,MA,018541915,42.6422606,-71.36626685573418,9784588773,0.0,11
ea8d287f-b3a9-3800-8798-788e334ee406,NORTH SHORE MEDICAL CENTER INC,81 HIGHLAND AVE,SWAMPSCOTT,MA,019072928,42.4699241,-70.9171507,9783542065,0.0,41
c7542447-e06e-32cb-b6db-243c23a0dbc2,FRANCISCAN HOSPITAL FOR CHILDREN INC,30 WARREN ST,BOSTON,MA,021353602,42.3501483,-71.14393324457691,6172543800,0.0,314
50c47685-8125-3c50-8311-8bd7ba9e9108,BOSTON MEDICAL CENTER CORPORATION-,4199 WASHINGTON ST,ROSLINDALE,MA,021311733,42.2871447,-71.1277526,6173234440,0.0,31
8bf5325a-c11b-35c4-b07d-17a5aeba8353,BEACON HOSPICE  AN AMYEDISYS COMPANY,815 WORCESTER STREET,SPRINGFIELD,MA,011511001,42.1018764,-72.5886727,4132051229,0.0,38
6dafa732-cdaa-37ab-a33c-b14878e841d7,CONTINUING CARE AT BROOKSBY VILLAGE,400 BROOKSBY VILLAGE DRIVE,PEABODY,MA,019601488,42.55186794282506,-70.97276672693852,9785362150,0.0,5
87f3b181-1c52-3161-a15a-ea2d9a04b35f,KD MEDICINE & WELLNESS PLLC,565 TURNPIKE ST STE 71,NORTH ANDOVER,MA,018455936,42.664934200000005,-71.11635234067887,5086410235,0.0,10
43e22208-dae0-3196-b30b-17b3c50679c2,GREATER LAWRENCE FAMILY HEALTH CENTER INC,147 PELHAM ST,METHUEN,MA,018442060,42.7288158,-71.20222773774655,9786833491,0.0,65
46375470-1e20-3ddc-8dc5-010ba53826b6,BAYSTATE WING HOSPITAL CORPORATION,40 WRIGHT ST,PALMER,MA,010691138,42.16934095,-72.34120457065711,4132837651,0.0,129
9d2a1656-0f4d-30d1-bc63-eb365a05529c,STEWARD GOOD SAMARITAN MEDICAL CENTER  INC.,235 N PEARL ST,BROCKTON,MA,023011794,42.09805395,-71.0609587194362,5084272841,0.0,125
aba3e6f6-4562-342e-b90f-dd61b117f394,MEDICAL EXPRESS URGENT CARE CENTER CO INC,438 CHESTNUT STREET,SPRINGFIELD,MA,011072008,42.11291091861002,-72.59692685125127,4137811100,0.0,79
a4b91172-69e7-3895-bd89-b9a0868de5c2,DARTMOUTH PRIMARY MEDICINE  LLC,651 ORCHARD ST,NEW BEDFORD,MA,027441052,41.6149879,-70.93113851963673,5089945300,0.0,164
30547c24-6d41-3a9d-8a21-cc3606224d38,MILTON HC OPERATING LLC,1200 BRUSH HILL ROAD,MILTON,MA,021862337,42.23073215,-71.122659913074,6173330600,0.0,1
9203d0d2-ca7d-3421-9361-974402ffb561,HILLTOWN COMMUNITY HEALTH CENTERS INC,58 OLD NORTH RD,WORTHINGTON,MA,010989708,42.414246,-72.93841842197347,4132385511,0.0,31
ca8a919a-05f9-3687-bfb6-42800a70031e,LIFE LINE COMMUNITY HEALTHCARE,6111 OAK TREE BLVD STE 301,FRAMINGHAM,MA,017014613,42.3095704,-71.4413097,2165816556,0.0,143
eee00932-ca82-36bc-b7e8-e3fff6dbaeaa,DANA FARBER CANCER INSTITUTE,450 BROOKLINE AVE,WEYMOUTH,MA,021893141,42.2212188,-70.9391625,6176323000,0.0,740
50c7f768-9138-3dae-a67d-953bdf9ad754,NIGHTINGALE VISITING NURSES,125 COUNTY STREET,TAUNTON,MA,027803561,41.8960599,-71.07799243944345,5089670761,0.0,82
be509ccb-bfb7-3b87-8945-8426b689ef9d,BOSTON HOME  INC (THE),2049 DORCHESTER AVENUE,BOSTON,MA,021244742,42.3554334,-71.060511,6178253905,0.0,30
6f90eaad-abe3-3ce0-b9a6-2031c5674f0d,MYHOME HEALTHCARE PLLC,800 TURNPIKE ST STE 300,NORTH ANDOVER,MA,018456156,42.66074825,-71.10724143845708,9783877087,0.0,51
c0719377-d40a-3e9c-9f7c-af47c93b3f40,CARBON HEALTH PRIMARY CARE OF FLORIDA PA,80 SUMMER ST STE 1,BOSTON,MA,021101218,42.35403315,-71.05809515865283,6178652749,0.0,58
52476935-b9e6-3dbc-a44d-47db68ee9977,BRENTWOOD REHABILITATION AND HEALTHCARE CTR (THE),56 LIBERTY STREET,DANVERS,MA,019233361,42.563351999999995,-70.9210216494721,9787772700,0.0,1
f087b01f-da5c-3db6-bb6d-8a3cf3e630c5,WEBSTER SQUARE MEDICAL CENTER  INC,255 PARK AVE,WORCESTER,MA,016091989,42.26491135,-71.8185187,5087559776,0.0,69
065eba51-cef7-3976-8654-ba8e7df887ce,HOSPICE OF THE FISHER HOME,1165 NORTH PLEASANT STREET,AMHERST,MA,01002,42.40927615,-72.52971238527101,4135490115,0.0,18
a06b1a97-d6ce-3ea1-ba4a-2ef85a8114ab,APPLE VALLEY CENTER,400 GROTON ROAD,AYER,MA,014321171,42.57821195,-71.5733060441645,9787721704,0.0,7
73c7eaf8-f8b3-383f-b3e1-4d8ff5ca255d,MASHPEE ACQUISITION LLC,161 FALMOUTH RD,MASHPEE,MA,026492662,41.6314877,-70.46769809885944,5084772490,0.0,2
6873525f-1680-3ceb-b536-270d44b46e2e,UPHAMS CORNER HEALTH COMMITTEE INC,500 COLUMBIA RD,DORCHESTER,MA,021252322,42.3147979,-71.067633,6172878000,0.0,45
6c7fe370-02c4-3537-8f5e-373b2168b933,HEALTH ALLIANCE HOME HEALTH AND HOSPICE,60 HOSPITAL ROAD,LEOMINSTER,MA,014533791,42.54031915,-71.76312990486304,9783426013,0.0,6
da35b999-0af8-380e-9912-cd8b3bc09f53,REGENCY FAMILY HEALTH LLC,50 REDFIELD ST,WORCESTER,MA,016081531,42.2625621,-71.8018877,6179291600,0.0,31
f8918a95-31e8-3ac4-8d12-29ca6080ebda,BETH ISRAEL DEACONESS HOSPITAL MILTON INC,199 REEDSDALE RD,MILTON,MA,021863926,42.251368299999996,-71.0768393856917,6173131214,0.0,582
bce5b907-584b-345d-bbcf-912cf56cb6c3,RENAISSANCE PRIMARY CARE LLC,11-15 SANDERSDALE ROAD,WORCESTER,MA,016032467,42.0667952,-72.0084995,7744202311,0.0,48
8d5880eb-1dd8-31ea-b7c5-21709f3bb341,MELROSE INTERNAL MEDICINE ASSOC PC,50 ROWE ST,MELROSE,MA,021763201,42.4592093,-71.06078096379728,7819793800,0.0,51
fd650ebc-a642-3818-b073-692473cd31f1,HARBORLIGHT FAMILY MEDICINE  PC,900 CUMMING CENTER,BEVERLY,MA,019156181,42.5584284,-70.8800491,9782790800,0.0,66
3ff0f58b-7a1f-3334-9449-ff15f68b7d86,BETH ISRAEL DEACONESS HOSPITAL PLYMOUTH INC,275 SANDWICH ST,PLYMOUTH,MA,023607761,41.94186605,-70.6455366462985,5087462000,0.0,103
70e3ad4f-b9ff-3f3e-9990-2cd7e23a9d1c,HEALTH-MD URGENT CARE,1238 RIVERDALE ST,WEST SPRINGFIELD,MA,010894675,42.1373438,-72.62624707492338,4135043507,0.0,18
dbe1e521-57da-3855-9aa0-aabadbd17e32,NORTH RIVER HOSPICE LLC,454 WASHINGTON ST,NORWELL,MA,020612050,42.1592792,-70.85480698781902,5084082408,0.0,4
80458ace-5754-39b0-807a-1a5b119cb5bb,CRYSTAL REHAB & NURSING LLC,11 PONTIAC AVE,WEBSTER,MA,015701629,42.06282535,-71.87016198711046,5089433889,0.0,2
171254da-957c-304a-b3fc-51a2d3ebee43,Haverhill Community Based Outpatient Clinic (CBOC),108 Merrimack St.,Haverhill,MA,01830,42.77449,-71.07901,800-838-6331,0.0,738
9cfdd210-a2ed-34d6-9381-2f5d999011ca,HIGHLAND PRIMARY CARE ASSOCIATES INC.,21 HIGHLAND AVE,NEWBURYPORT,MA,019503873,42.814341671166744,-70.88998002772408,9784637770,0.0,31
75846b1f-d0ec-3255-9bdd-d09eb0a9dd0d,HOLYOKE MEDICAL CENTER INC,575 BEECH ST,HOLYOKE,MA,010402296,42.20105435,-72.628169560868,4135342845,0.0,72
7e8bd0f2-2746-355e-92ef-9473818c58a2,BLISSFUL HOMECARE  LLC,90 SUTTON STREET  SUITE 3-4,NORTH ANDOVER,MA,018451655,42.705281049999996,-71.13643624887442,9787255505,0.0,5
dd280187-8662-3732-af81-595d10572911,4499 ACUSHNET AVENUE OPERATING COMPANY  LLC,4499 ACUSHNET AVE,NEW BEDFORD,MA,027454707,41.74026055,-70.9450945705336,5089956900,0.0,223
a6964d47-8af0-3df2-b99d-d8414eb1cfa3,ARBOUR-FULLER HOSPITAL,200 MAY ST,SOUTH ATTLEBORO,MA,027035520,41.924394750000005,-71.36076410900014,5087618500,0.0,987
dae3ee01-f383-366e-9ad6-dc92963064ea,MERCY MEDICAL CTR,1233 MAIN ST,HOLYOKE,MA,010405381,42.16578055,-72.63389634691956,4135365111,0.0,523
a7b047dd-186a-32de-8187-b0853c05aed6,COUNTRY CENTER FOR HEALTH & REHABILITATION,180 LOW STREET,NEWBURYPORT,MA,019503519,42.815683050000004,-70.89666045994463,9784655361,0.0,20
2c708a72-2e25-36a1-8209-d2a708874eff,HOPEHEALTH HOSPICE & PALLIATIVE CARE,1324 BELMONT STREET #202,BROCKTON,MA,023014435,42.057156895761736,-71.06994368825448,5089570200,0.0,14
dac75bc1-cbfa-306b-9a0a-88d5edf3638d,BRIGHTON HOUSE REHABILITATION & NURSING CENTER,170 COREY ROAD,BRIGHTON,MA,021358244,42.3433093,-71.14003855124017,6177310515,0.0,1
b7b02632-03e1-330a-aa40-fdee22899633,BOSTON UNIVERSITY MEDICAL CENTER RADIOLOGISTS  INC.,840 HARRISON AVE,ROXBURY,MA,021203432,42.3279605,-71.0830607,6176386610,0.0,16
679a8e99-0f35-3eec-94ed-d8341e9fe33c,POPE NURSING HOME,140 WEBB STREET,WEYMOUTH,MA,021882736,42.22281125,-70.96226691624932,7813354352,0.0,12
63b4f233-fb49-3b1e-a17c-2d572367b131,GERMAN CENTER FOR EXTENDED CARE,2222 CENTRE STREET,WEST ROXBURY,MA,021324034,42.27370345,-71.15856364656862,6173251230,0.0,19
9d989fcf-4ad9-3972-ada3-f275d967781e,FALMOUTH HOSPITAL ASSOCIATION INC,100 TER HEUN DR,SANDWICH,MA,025632377,41.7579043,-70.4968152,5084573528,0.0,554
92d919ab-8380-3fda-a5f1-838e69b819c1,ZANJABEE INTEGRATIVE MEDICINE AND PRIMARY CARE LLC,300 TRADECENTER STE 4750,WOBURN,MA,018017420,42.4994143,-71.161659,4019525488,0.0,20
87472bc2-7c23-37cc-8355-7f3e88614b6b,EAST LONGMEADOW SKILLED NURSING CENTER,305 MAPLE STREET,EAST LONGMEADOW,MA,010282765,42.059258494749486,-72.53388585052694,4135256361,0.0,6
b69bccdc-5ad3-3ded-a018-3cd8f369c9d2,CAPE REGENCY REHABILITATION & HEALTH CARE CENTER,120 S MAIN STREET,CENTERVILLE,MA,026323246,41.649898300000004,-70.34309844876677,5087781835,0.0,20
0319f6d9-60a3-36ac-9f26-b782d7997b1c,ARLINGTON FAMILY PRACTICE PC,22 MILL ST,ARLINGTON,MA,024764738,42.4177455,-71.1579688,7816464345,0.0,48
a2cc09de-c1e2-3126-8c09-d49f95225281,CHILDREN'S HOSPITAL CORPORATION,300 LONGWOOD AVE,WALTHAM,MA,024532741,42.3756401,-71.2358004,6173554831,0.0,301
9f2f60a6-87a4-3f45-b753-b63b5b7e9993,NORTH END COMMUNITY HEALTH COMMITTEE INC,332 HANOVER STREET,BOSTON,MA,021131901,42.3647421,-71.0536619,6176438000,0.0,168
44cb1162-a345-3477-8723-c202a3c8cdcd,HOPKINTON MEDICAL CARE  P.C.,73 W MAIN ST,HOPKINTON,MA,017481619,42.21799145,-71.54005509979045,5084356900,0.0,108
c5306a86-09a1-32d9-875a-67ef56e131c0,ACCESS PRIMARY CARE INC,242 SUTTON ST,NORTH ANDOVER,MA,018451631,42.70773345,-71.1300651,9786551987,0.0,97
f341c366-8313-3790-ab26-d8d27b116ff5,WAYSIDE YOUTH & FAMILY SUPPORT NETWORK,80 LINCOLN STREET,WALTHAM,MA,024535465,42.39322121170625,-71.24104146434591,5086200010,0.0,79
f312977e-8f41-3816-84cc-e5b12ba36955,BRIGHAM AND WOMEN'S FAULKNER HOSPITAL  INC.,1153 CENTRE ST,JAMAICA PLAIN,MA,021303446,42.3017598,-71.12855793387442,6179837470,0.0,23
0519b293-2e92-3eb3-aeef-233da0babc93,PALM SKILLED  NRSING CR & CTR FOR REHAB EXCELLENCE,40 PARKHURST ROAD,CHELMSFORD,MA,018241511,42.6198215,-71.36189212971482,9782563151,0.0,34
8fede172-e8ad-3a42-ba59-5d63b0fdc670,CAPE COD HEALTHCARE  INC.,460 W MAIN ST,HYANNIS,MA,026013855,41.64987207007028,-70.31279933758786,5087903360,0.0,50
5c896155-eb9a-383e-9162-a43ebb7f1cc5,LINDEN PONDS,400 LINDEN PONDS WAY,HINGHAM,MA,020433784,42.1972249,-70.91712645007524,7815347030,0.0,6
a730c5e6-a15f-3e36-8112-8579e507d330,MIDDLESEX INTERNAL MEDICINE ASSOCIATES  INC,28 LORD RD,MARLBOROUGH,MA,017524549,42.34718040987546,-71.57283065352654,5084857660,0.0,12
4ffc4e4b-9d8d-3c30-ad84-fc9a7209da94,OAKS  THE,4525 ACUSHNET AVENUE,NEW BEDFORD,MA,027454727,41.74080975,-70.94731021257817,5089987807,0.0,9
bebc1dac-6c42-3225-b0ba-23278cdf2a62,MEMORY SUPPORT OF HERITAGE HALL,464 MAIN STREET,AGAWAM,MA,010011826,42.07695165,-72.62026217030348,4137868000,0.0,58
ce4d0501-49eb-396a-bc56-545fdfc624b0,MARTHA'S VINEYARD HOSPITAL INC,1 HOSPITAL RD,OAK BLUFFS,MA,025571406,41.46063105,-70.57989080295974,5086930410,0.0,271
70e943de-a18b-3e03-a204-ecca2f01b6d1,OAKDALE REHABILITATION & SKILLED NURSING CENTER,76 NORTH MAIN STREET,WEST BOYLSTON,MA,015831130,42.393642299999996,-71.79207534741954,5088356076,0.0,13
e69e7cbb-8362-30d1-83f2-3a0c492fe2b1,PLYMOUTH CARVER PRIMARY CARE  P.C.,110 LONG POND RD,PLYMOUTH,MA,023602642,41.9255829,-70.65514326847389,5087467272,0.0,126
1ef8d603-bec1-35f5-a830-2a0b919cf47f,SUTTON HILL CENTER,1801 TURNPIKE STREET,NORTH ANDOVER,MA,018456322,42.6355548,-71.0761760490546,9786881212,0.0,10
9e469108-97a0-350a-b6ba-be2a286b3dcc,METRO WEST REHAB CORP,150 FLANDERS RD,WESTBOROUGH,MA,015811017,42.2770724,-71.5679154706427,5088712000,0.0,100
afc661fd-71d9-3fc3-adf2-3fc3b5e8a140,BROCKTON HOSPITAL  INC.,680 CENTRE ST,RAYNHAM,MA,02767,41.9487118,-71.0731008,5089417000,0.0,300
be9a14c1-72a6-3186-b199-fdb070768458,WOBURN NURSING CENTER INC,18 FRANCES ST,WOBURN,MA,018013006,42.488288600000004,-71.15015700746171,7819338175,0.0,2
06cc2462-430f-3322-9c87-7e971125f510,EMERSON HOSPITAL,133 OLD ROAD TO 9 ACRE COR,WESTFORD,MA,018863198,42.5792583,-71.4378411,9782873226,0.0,182
759de184-595f-3131-ba20-6a412553496d,49 THOMAS PATTEN DRIVE OPERATING COMPANY  LLC,49 THOMAS PATTEN DR,RANDOLPH,MA,023683901,42.1594587,-71.06112167252701,7819611160,0.0,1
dfc0bac0-55a9-3f25-b0e3-78f9f586560c,COMMUNITY HEALTH PROGRAMS  INC,444 STOCKBRIDGE ROAD,GREAT BARRINGTON,MA,012301295,42.22088152406833,-73.34280352682327,4135289311,0.0,72
db106514-f254-3402-b6a4-6d210c78c7e2,JOHN ADAMS HEALTHCARE CENTER,211 FRANKLIN STREET,QUINCY,MA,021697833,42.23691085,-71.00237199954586,6174790837,0.0,17
ee7fab6f-6438-394f-b1f2-3e452f8f055a,BLUEBERRY HILL REHABILITATION AND HEALTHCARE CTR,75 BRIMBAL AVENUE,BEVERLY,MA,019156009,42.570099299999995,-70.87108224250409,9789272020,0.0,107
79508e39-d0b0-3613-9d54-168f6e1c3a18,NASHOBA VALLEY MEDICAL CENTER,200 GROTON ROAD,GROTON,MA,014502056,42.577352149999996,-71.57414587343038,9787849000,0.0,596
af570aee-a397-372c-8eba-5c2b18662b0f,BYC HEALTHCARE INC,800 W CUMMINGS PARK STE 2250,WOBURN,MA,018016372,42.4961562,-71.1258904921298,7814046923,0.0,78
e52b37d6-60d6-354d-90f9-6e9f9eb1d209,REHABILITATION & NURSING CENTER AT EVERETT (THE),289 ELM ST,EVERETT,MA,021495228,42.4152341,-71.0348323,6173876560,0.0,3
907b1d2f-2bf8-31b5-abc2-14d6b75faa96,ASSABET FAMILY PODIATRY  INC,340 MAPLE ST,MARLBOROUGH,MA,017523200,42.3358161,-71.54106510218209,5084813659,0.0,160
1ce0d1a3-b507-3ad1-afc5-b25bfe48b8dc,STOUGHTON PUBLIC HEALTH ASSOCIATION,10 PEARL STREET,STOUGHTON,MA,020722364,42.125716800000006,-71.1025481568314,7813447011,0.0,12
922d1031-d968-39c2-b73c-d5a495c39068,HINGHAM MEDICAL CARE INC,350 LINCOLN ST STE 1102,HINGHAM,MA,020432801,42.248735,-70.9209846,7817400400,0.0,61
352f2e3b-0708-3eb4-9f7e-e73a685bf379,MARLBOROUGH HOSPITAL CORP,157 UNION ST,SOUTHBOROUGH,MA,017721215,42.3056501,-71.5245087,5084815000,0.0,663
e34d8448-8b98-3f91-9fe7-faeb8a78e1db,ASSOCIATED INTERNISTS OF RANDOLPH  INC.,NEW ENGLAND SINAI HOSPITAL,MILTON,MA,021862377,42.2501425,-71.065573,7813440600,0.0,49
a2d45ee8-b930-3169-b612-f602961ad212,SUNRISE HEALTHCARE LLC,37 MINUTEMAN WAY,SHREWSBURY,MA,015452229,42.288207,-71.73443816915585,6176509959,0.0,281
817f4acb-0184-3146-9ce0-87197d8f115a,READING FAMILY MEDICINE PC,30 NEWCROSSING RD STE 301,READING,MA,01867,42.51809619399502,-71.0959083715027,7819420380,0.0,13
10ffe7b1-2f94-3f12-9288-679da05a1ec9,WESTFORD INTERNAL MEDICINE PC,133 LITTLETON RD,WESTFORD,MA,01886,42.57056335,-71.41736646422413,9785771946,0.0,56
4fa643ae-1f58-3c2e-9f33-0ba56345ad10,COMPASSIONATE HEALTH CARE GROUP LLC,361 MAIN ST,WAREHAM,MA,025712153,41.761384899999996,-70.71911431737183,7746787319,0.0,101
e98ef46c-e94c-34bc-9cf5-134d8ddcbac5,COMMUNITY VISITING NURSE AGENCY  INC.,10 EMORY ST,ATTLEBORO,MA,027033002,41.9447388,-71.27972821642685,5082220118,0.0,10
e6d63525-40f0-3391-a58a-e6a03598911f,STANLEY STREET TREATMENT AND RESOURCES INC,400 STANLEY ST,FALL RIVER,MA,027206009,41.7148511,-71.13527009152534,5086751054,0.0,28
2b97893e-dc50-378b-a266-f089b8450329,HARBOR HEALTH SERVICES INC,250 MOUNT VERNON ST,DORCHESTER,MA,021253120,42.3194571,-71.04610844302991,6172881140,0.0,73
d0894f6b-78d7-338d-82ad-b63de4d40014,MOUNT AUBURN HOSPITAL,330 MOUNT AUBURN STREET,WALTHAM,MA,02452,42.3756401,-71.2358004,6174923500,0.0,126
5aad3f6f-3070-34f5-a25f-d9a9ee78c68c,COMMUNITY NURSE HOME CARE  INC.,62 CENTER ST,FAIRHAVEN,MA,027193823,41.63663425,-70.90101829397507,5089926278,0.0,14
02661a4d-56da-3bfb-8ca0-0ecc77ba9fa6,VISITING NURSE ASSOCIATION AND HOSPICE OF WESTERN NEW ENGLAND  INC,30 CAPITAL DR STE A,WEST SPRINGFIELD,MA,010891359,42.13809525,-72.62351832623938,4137946411,0.0,4
310d02fb-ba0c-3b5a-9ab3-8d7bb8e7b661,FAMILY MEDICAL ASSOCIATES  P.C.,709 WASHINGTON STREET,CANTON,MA,02021,42.1561851,-71.1452049,7818285351,0.0,61
3d5fbf38-c781-3e04-8c7e-5a402611b7d4,DAVIS SQUARE FAMILY PRACTICE,260 ELM ST,SOMERVILLE,MA,021442951,42.3955992,-71.1227391,6176669577,0.0,113
f43f97f2-af04-3ed0-a42e-3681718cc9b2,BERKSHIRE MEDICAL CENTER INC,725 NORTH ST,PITTSFIELD,MA,012014109,42.4600752,-73.2492795834909,4134472000,0.0,71
03c5769d-b185-35ee-b563-9e651cff95bc,LOOMIS SENIOR LIVING  INC,807 WILBRAHAM RD,SPRINGFIELD,MA,011092067,42.1108434,-72.5341133,4137821800,0.0,1
f202fe9c-c1dd-30d5-805e-6a26904dbbce,GEORGETOWN FAMILY MEDICINE LLC,256 GEORGETOWN RD,BOXFORD,MA,019211642,42.697599999999994,-70.98887494259449,9788870222,0.0,19
7ac466c6-7968-33fd-882c-6d5418f88c8a,CHELMSFORD PRIMARY CARE LLC,2 MEETING HOUSE RD,CHELMSFORD,MA,018242700,42.60140085,-71.35097894451894,9782565522,0.0,45
2f67494e-f17e-3248-ba68-3ca42913cca1,ROYAL OF FAIRHAVEN NURSING CENTER,184 MAIN STREET,FAIRHAVEN,MA,027193259,41.646106,-70.90865208079187,5089973193,0.0,8
0d19a52f-6f9b-32aa-9aad-6b7027cc668e,BERKSHIRE REHABILITATION & SKILLED CARE CENTER,7 SANDISFIELD ROAD BOX 216,SANDISFIELD,MA,012559621,42.1131485,-73.1299243,4132584731,0.0,8
88975fd9-b47e-3af6-af78-c58e1ecf0d5e,BAYSTATE NOBLE HOSPITAL CORPORATION,115 W SILVER ST,WESTFIELD,MA,010853628,42.1178811,-72.75935246865802,4135682811,0.0,13
19439108-9835-38fe-8ee2-1226a355cfba,NEWTON WELLESLEY CENTER FOR ALZHEIMER'S CARE,694 WORCESTER RD,WELLESLEY,MA,024822837,42.2964859,-71.2925571,7812376400,0.0,5
edd58f69-ad5f-346b-b1f9-530ccdc895f6,RISE ABOVE WELLNESS HEALTH SERVICES LLC,52 CARPENTER ST,ATTLEBORO,MA,027032472,41.9369576,-71.27996091755344,8572473180,0.0,358
94ac48ba-e215-3ab9-ba88-a0b926d29cef,MEDFORD REHABILITATION AND NURSING CENTER,300 WINTHROP STREET,MEDFORD,MA,021552311,42.421527,-71.11834,7813964400,0.0,21
0334ad53-5d57-384e-a411-63b075139c06,SACHEM CENTER FOR HEALTH & REHABILITATION,66 CENTRAL STREET,EAST BRIDGEWATER,MA,023331913,42.03160525,-70.9572577506426,5083787227,0.0,20
069b90f9-309b-35e4-b990-d1dbacb962cc,MONT MARIE REHABILITATION & HEALTHCARE CENTER,36 LOWER WESTFIELD ROAD,HOLYOKE,MA,010402749,42.16975305,-72.63488031242107,4135386050,0.0,42
b3f4de6b-901d-3856-ba81-35dc48a63d17,BLUEPRINT HEALTHCARE LLC,451 ANDOVER ST STE 205,NORTH ANDOVER,MA,018455079,42.6734518,-71.1268776,9789832435,0.0,74
e5ce3b83-f5e6-308d-aa64-82539fc2d906,FIRST CHOICE HEALTHCARE  INC.,1842 BEACON ST,BROOKLINE,MA,024451922,42.33728028715071,-71.14536064081996,6172934594,0.0,1
2c2e6afc-9578-3ba5-bb12-eed97d3a823b,BEAR MT MATTAPAN LLC,405 RIVER ST,MATTAPAN,MA,021262210,42.2699017,-71.09061872585616,6172965585,0.0,1
8ce066ae-10ad-3679-9272-387e8cb21947,NEWBURYPORT FAMILY PRACTICE P.C.,3 CHERRY ST,NEWBURYPORT,MA,019503928,42.80038345,-70.87664535540449,9784657322,0.0,17
f438b8e0-d856-328a-b193-2b014fc4cb97,D'YOUVILLE SENIOR CARE,981 VARNUM AVENUE,LOWELL,MA,018541913,42.64591185,-71.36487149058269,9784545681,0.0,1
a2047ff6-62f2-34d7-beb9-7e164d989c75,RECUPERATIVE SERVICES UNIT-HEBREW REHAB CENTER,1200 CENTRE STREET,ROSLINDALE,MA,021311011,42.29768,-71.130463,6173258000,0.0,6
51759ecf-0948-3f61-b8fc-09dd8f2b90a1,FAIRVIEW COMMONS NURSING & REHABILITATION CENTER,CHRISTIAN HILL ROAD,GREAT BARRINGTON,MA,012301108,42.207865,-73.360405,4135284560,0.0,10
a855314b-4fb5-37fc-8015-5caa96c928b1,BAYSTATE MEDICAL CENTER INC.,759 CHESTNUT ST,SPRINGFIELD,MA,011991001,42.121522049999996,-72.60300615153007,4137940000,0.0,21
48a6d3ab-50ef-349e-8945-2558a78f378e,SAINT ANNE'S HOSPITAL,795 MIDDLE ST,SWANSEA,MA,027774114,41.730919,-71.208117,5086745600,0.0,214
0a8a4b11-d0b8-3cd2-92cd-983de5189cfa,LIFE CARE CENTER OF THE NORTH SHORE,111 BIRCH STREET,LYNN,MA,019021574,42.47859105,-70.93458444045801,7815929667,0.0,4
cabc0f0d-dcca-34a2-bc6b-519ed1cc7f74,ACHIEVE WELLNESS  LLC,191 MERRIMACK ST STE 712,HAVERHILL,MA,018306199,42.7742236,-71.08181133783422,9788914928,0.0,70
335fe080-43f9-3219-84bd-031c4fcfe9d5,PARK AVENUE SNF OPERATIONS LLC,146 PARK AVE,ARLINGTON,MA,024765829,42.421350950000004,-71.18224816367342,7816489530,0.0,2
7b7ce654-a413-37d1-9d34-97240c0ac580,WOONSOCKET URGENT CARE PC,1 WRENTHAM ST,BELLINGHAM,MA,020192532,42.025037350000005,-71.48945118224057,5083184466,0.0,7
93bf4a6b-8fb3-3a1e-9be6-4958736f2bfb,1102 WASHINGTON STREET OPERATOR LLC,1102 WASHINGTON ST,BRAINTREE,MA,021845438,42.19876545530798,-71.00672788298964,(781) 848-3100,0.0,2
929528f5-8239-36c7-aacb-39424ede9cc5,KIMBALL FARMS NURSING CARE CENTER,40 SUNSET AVENUE,LENOX,MA,012402018,42.35951405,-73.28778674276077,4136375011,0.0,10
7b20d1c4-c56b-3647-801c-5e4e13679073,BETH ISRAEL DEACONESS HOSPITAL PLYMOUTH INC,275 SANDWICH ST,PLYMOUTH,MA,023602183,41.94186605,-70.6455366462985,5087462000,0.0,896
df852cb2-9fe0-3c90-87ac-46e5f980ee3b,HOSPICE OF NASHOBA NURSING SERVICE,3 PATTERSON ROAD  SUITE 3,SHIRLEY,MA,014642907,42.552462649999995,-71.62383665745185,9784256675,0.0,2
281525ef-5743-34a8-9339-66c8b4be6668,NOTRE DAME HOSPICE,555 PLANTATION STREET,WORCESTER,MA,016052376,42.2907683,-71.7649752,5088525505,0.0,1
3e97ce4f-3ad7-3cea-883f-e2bb4ca89d83,HALLMARK HEALTH URGENT CARE PHYSICIANS LLC,30 NEW CROSSING RD,READING,MA,018673270,42.51809619399502,-71.0959083715027,7812801699,0.0,15
e982819a-87b3-3124-a0f2-85f8afcc7731,DANVERS FAMILY DOCTORS PC,140 COMMONWEALTH AVE STE 202,DANVERS,MA,019233625,42.5524742,-70.94443165548033,9787626262,0.0,37
c60fc3df-9dbd-3f31-a456-41c84490266f,BOURNE MANOR EXTENDED CARE FACILITY,146 MAC ARTHUR BOULEVARD,BOURNE,MA,025323902,41.7412166,-70.5989196,5087598880,0.0,5
883da606-d4ee-34ff-96c4-6e6be2e4dc30,MARY ANN MORSE HEALTHCARE CORP.,45 UNION STREET,NATICK,MA,017606056,42.2814862,-71.33753630597062,5086509003,0.0,1
46daa26f-fda5-38a9-9c45-fda430d28fa6,FIDELIS HOSPICE,25 RAILROAD SQUARE  SUITE 501,HAVERHILL,MA,018325721,42.7736752,-71.08561759491305,9789127842,0.0,8
c0132cf6-1703-3aad-89b4-cc2f2bbc123e,MARISTHILL NURSING & REHABILITATION CENTER,66 NEWTON STREET,WALTHAM,MA,024536058,42.3746705,-71.22789736306842,7818930240,0.0,13
71d9e7fe-5a34-3f11-8edb-f79c482785fe,EDWARD M KENNEDY COMMUNITY HEALTH CENTER INC,42 CAPE RD,MILFORD,MA,017573292,42.1274477,-71.5195252,8008532288,0.0,49
4f59f709-8b84-3d27-a04b-c6b7b5544413,HILLTOWN COMMUNITY HEALTH CENTERS INC,70 BOLTWOOD WALK,AMHERST,MA,010022271,42.3768779,-72.51840280783739,4132385511,0.0,166
c4e5b33c-17b8-3f51-a8ba-a327d54e642a,PRIMARY CARE MEDICINE AND PEDIATRICS  LLC,94 N ELM ST,WESTFIELD,MA,010852917,42.1322823,-72.7436679,4135621650,0.0,110
36d328a2-68bb-3967-a9bf-00897a7c945f,HANNAH B G SHAW HOME,299 WAREHAM STREET,MIDDLEBORO,MA,023462905,41.869676,-70.873384,5089471184,0.0,14
5225cc87-6a30-303c-a882-5f001cee7f0e,MANET COMMUNITY HEALTH CENTER  INC.,110 W SQUANTUM ST,QUINCY,MA,021712122,42.27259075,-71.03082765,6173763030,0.0,21
6d6ef57e-b2ce-3a69-bacf-4305c51834b0,VISITING NURSE AT HIGHLAND INC,186 HIGHLAND AVE,SOMERVILLE,MA,021431507,42.38845955,-71.10666839512322,6177764420,0.0,1
a9f0c80c-2cc2-31ea-9ead-d13d373a6fe4,BEAR MT NORTH ANDOVER  LLC,140 PRESCOTT ST,NORTH ANDOVER,MA,018451826,42.7052468,-71.11780689673651,9786858086,0.0,3
f4e522df-a006-344d-9574-15bc985f5bb4,Lowell Outpatient Clinic,130 Marshall Road,Lowell,MA,01852,42.62101,-71.31481,800-865-3384,0.0,1
552ede7f-2ba4-39ef-9217-29d27b89b8a7,LAKEVIEW HOUSE SKLD NRSG  AND RESIDENTIAL CARE FAC,87 SHATTUCK STREET,HAVERHILL,MA,018302319,42.796917699999995,-71.05216081525802,9783721081,0.0,3
a079d416-e8fe-3286-8ef3-6d289d7b5ad9,Hyannis Outpatient Clinic,233 Stevens St,Hyannis,MA,02601,41.651745,-70.294235,508-771-3190,0.0,74
79d49935-bcc0-36ca-920b-45365c367438,SOUTH BOSTON COMMUNITY HEALTH CENTER INC,409 W BROADWAY,SOUTH BOSTON,MA,021272245,42.336831,-71.047958,6172697500,0.0,121
0f2c58ec-5323-3c0f-9bdf-af0df7eb2a2b,MARIAN MANOR,130 DORCHESTER STREET,SOUTH BOSTON,MA,021272642,42.3334312,-71.0494949,6172683333,0.0,26
666c3e81-2ec6-3bff-9dcc-a704edd86960,SPECTRUM HHC,770 CONVERSE STREET,LONGMEADOW,MA,011061719,42.0639853,-72.5521444,4135674600,0.0,2
680532c8-2661-3b39-875a-b6ec0746ccf5,CHARLES RIVER COMMUNITY HEALTH  INC,30 ATHOL ST,ALLSTON,MA,021341124,42.36075595,-71.13397379082869,6177830500,0.0,56
cc400ddc-c38d-3604-8d89-cea21555719f,NEEDHAM FAMILY PRACTICE ASSOC. P.C.,87 CHESTNUT ST,NATICK,MA,017603644,42.293559188306446,-71.35158050924959,7814445515,0.0,64
51370692-6296-3150-8672-559fc73f964f,BRIGHAM & WOMENS HOSPITAL INC,75 FRANCIS ST,WEST BRIDGEWATER,MA,023791542,42.0219112,-71.019004,6177325500,0.0,535
362cc3af-dcb0-31d0-a2be-a5ba9d016aeb,JEWISH HEALTHCARE CENTER INC,629 SALISBURY ST,WORCESTER,MA,016091121,42.2932691,-71.8390048,5087988653,0.0,2
c6b019eb-28ec-36f6-abf3-bcc4d1d58966,DUTTON FAMILY CARE ASSOCIATES LLP,33 AVON ST,WAKEFIELD,MA,018802310,42.50403445,-71.07462951514611,7812450402,0.0,81
b5b380d2-df21-3389-abf0-08551c7e1f2d,DEVENS TREATMENT & RECOVERY CENTER LLC,85 PATTON RD,DEVENS,MA,014344401,42.5304204,-71.61505519305638,9786155200,0.0,179
31e00f85-6909-3d9f-afc6-5ae507ab0c06,BRAINTREE FAMILY PHYSICIAN INC,382 GROVE STREET,BRAINTREE,MA,021847324,42.189369400000004,-70.98451984814267,7818481555,0.0,19
dd8f40be-2c90-347a-abf6-c07a5ad4148f,INTERNISTS ASSOCIATED,105 CHESTNUT ST,NEEDHAM,MA,024922520,42.2784618,-71.23770041644639,7814449080,0.0,72
7f2ffa4e-e192-3b51-b5ca-81bbf077f160,HELLENIC WOMEN'S BENEVOLENT ASSOCIATION  INC.,601 SHERMAN ST,CANTON,MA,020212025,42.1635341,-71.15024107129324,7818287450,0.0,1
06376cbe-4880-384b-b459-7ce3eef36ced,HEALTHFIRST FAMILY CARE CENTER INC,387 QUARRY ST,FALL RIVER,MA,027231026,41.6932713,-71.1402431739568,5086798111,0.0,149
b3312a2d-37e9-35a8-b50d-6c165c437baa,DIMOCK COMMUNITY HEALTH CENTER  INC,45 DIMOCK ST,ROXBURY,MA,021191029,42.32030665,-71.09721114916246,6174428800,0.0,1
b6717471-7f78-32c4-b1c5-e3a6310553d7,FAMILY MEDICINE ASSOCIATES LLC,15 RAILROAD AVE,TOPSFIELD,MA,01983,42.6375935,-70.9494966,9874687381,0.0,32
2836d9ac-c6a6-39d1-8f13-fdf0fc8928f4,TEWKSBURY HOSPITAL,365 EAST ST,TEWKSBURY,MA,018761950,42.6069472,-71.2180803,9788517321,0.0,790
a2f8d8fe-665e-390f-8b9b-efdc0b14a77c,LOWELL COMMUNITY HEALTH CENTER,161 JACKSON ST,LOWELL,MA,018522103,42.6425382,-71.3093946,9783228590,0.0,48
126b88f5-592a-3099-a433-c8b933f96d04,VERO HEALTH XIII LLC,573 GRANBY RD,SOUTH HADLEY,MA,010752122,42.23920485,-72.5586160752016,4135322200,0.0,1
7dddc0c2-9f1d-3e4e-b2f2-fc7e6abbed31,ALTERNATIVE HOME HEALTH CARE  LLC,160 MERRIMACK STREET  SUITE 1,METHUEN,MA,018446117,42.7334079,-71.13599310716302,9786577444,0.0,39
82c72223-f521-3a34-9b9b-4ff366365399,CARNEY HOSPITAL,2100 DORCHESTER AVENUE,QUINCY,MA,021691870,42.2509914,-71.0037374,6175062000,0.0,18
15e26ce3-9006-3ce2-9327-493180a15ec1,CIRCLE OF LIFE FAMILY MEDICINE PC,6 GROVE ST,NORWELL,MA,020611534,42.172231693916025,-70.87836493029226,3394692707,0.0,39
b5e6f1bd-c744-3556-9775-5ff8399eea33,CONCORD INTERNAL MEDICINE ASSOCIATES  P.C.,2284 MAIN ST,CONCORD,MA,017423829,42.44300895,-71.42458458423982,9783695575,0.0,130
7c625dc4-2593-31eb-95fd-6a912832b8bb,BAYADA HOME HEALTH CARE  INC,980 WASHINGTON STREET  SUITE 124,DEDHAM,MA,020266704,42.228918,-71.18501264023513,6179692600,0.0,10
04b252db-4231-3cb5-963d-6f096fb4b97c,DEDHAM MEDICAL ASSOCIATES URGENT CARE CENTER LLC,1177 PROVIDENCE HIGHWAY,NORWOOD,MA,020625019,42.194543,-71.1994976,7813291400,0.0,61
94f6a3ae-7d8d-3cbc-a788-e400732da7e5,COMMUNITY HEALTH CENTER OF FRANKLIN CO INC,450 WEST RIVER ST,ORANGE,MA,013649603,42.5928702,-72.32953998953418,9785447800,0.0,119
adf66683-c158-3efa-8e6c-7b2a273aa4ba,MRN CORPORATION,15 MILL ST,MARION,MA,027381546,41.71414569747417,-70.7725958636297,5087483830,0.0,4
e2eab39c-5195-34aa-b35f-e89e37cfed01,SOUTH SHORE HOSPITAL INC.,55 FOGG ROAD,WEYMOUTH,MA,021893141,42.175539799999996,-70.9539153674405,7813408000,0.0,361
4fa8411f-42f8-3353-8947-bf15254c9dee,GREENWOOD NURSING & REHABILITATION CENTER,90 GREENWOOD STREET,WAKEFIELD,MA,018804039,42.476321150000004,-71.06922169005762,7812460211,0.0,4
a977feef-f585-3fa8-8deb-7e60fc2cab30,HORIZON HOME CARE  LLC,2314 MAIN STREET,TEWKSBURY,MA,018763128,42.58023655,-71.19367180835906,9788517775,0.0,7
1de7e7d9-9a7a-3a3f-bf4c-b4de450711f2,CIRCLE HEALTH URGENT CARE LLC,198 LITTLETON RD,WESTFORD,MA,018863429,42.564282,-71.42620615382347,9783230302,0.0,38
940d491c-ad61-3bd3-9054-d6d884280934,ASHMONT HILL  LLC,321 CENTRE STREET,DORCHESTER,MA,021221112,42.29394375,-71.06005213312326,6178256320,0.0,1
68503514-203a-3202-ac09-ea411c96caec,FALMOUTH WALK-IN MEDICAL CENTER  INC.,309 TEATICKET HWY,TEATICKET,MA,025365625,41.568302200000005,-70.59404025373951,5085406790,0.0,43
f52777bd-7313-3b27-8dd5-cd3f87bd3275,WALTHAM WESTON INTERNAL MEDICINE ASSOCIATES  P.C.,9 HOPE AVE,WESTWOOD,MA,020902914,42.2139873,-71.2244987,7815476030,0.0,69
4705a8fd-19cd-32c1-8b3e-34bcfe84d0bd,WELLNESS ON WHEELS PC,55 N WASHINGTON ST,NORTH ATTLEBORO,MA,027601607,41.983529,-71.332241,5083164141,0.0,209
f5ccbb53-e4a0-32e5-a693-02150497a8f4,SOUTH SHORE INTERNAL MEDICINE ASSOCIATES INC.,100 HIGHLAND ST,MILTON,MA,021863881,42.250705749999995,-71.07724199194602,6176988855,0.0,57
497f39dd-280e-3d58-af5b-c5e3a3a09b10,CAPE COD HOSPITAL INC,27 PARK ST,HYANNIS,MA,026015230,41.65363635,-70.27352219234834,5087711800,0.0,729
eaaf102d-0188-3a69-a751-030645e2a7b0,TREMONT HEALTH CARE CENTER,605 MAIN STREET,WAREHAM,MA,025711031,41.76766153042966,-70.73096212925822,5082951040,0.0,2
5608c6ae-1f1d-368e-8172-aea4d9d2aefd,SEACOAST ANGELS HOSPICE L.L.C.,12 KENT WAY STE 210,BYFIELD,MA,019221221,42.75468625,-70.9451078257969,9783581007,0.0,2
0d7fd824-1c7b-3f8b-a662-f6c2005e82e1,OVERLOOK MASONIC HEALTH CENTER,88 MASONIC HOME ROAD,CHARLTON,MA,015071394,42.1389039,-71.9782681,5082487344,0.0,19
ed0c5b98-dc8a-3fc9-9856-61f1a1c75b11,SHREWSBURY NURSING & REHABILITATION CENTER INC,40 JULIO DR,SHREWSBURY,MA,015453010,42.29191827853838,-71.70343631978118,5088456786,0.0,6
a525d084-5a8f-3859-a048-2130a4092ec8,BAYADA HOME HEALTH CARE  INC,2 MOUNT ROYAL AVENUE  SUITE 350,MARLBOROUGH,MA,017521976,42.34042135,-71.57841367654626,5088534100,0.0,2
accb8cdd-6560-3fef-b0a6-f12c3295026a,LIFE CARE CENTER OF ATTLEBORO,969 PARK STREET,ATTLEBORO,MA,027035115,41.9266899,-71.2611303145582,5082224182,0.0,144
83445caa-116b-3a1e-a75e-8104d321c4c3,LIGHTHOUSE PRIMARY CARE PC,315 MAIN ST STE 101,NORTH READING,MA,018641326,42.596733799999996,-71.11988300141903,9782760100,0.0,39
7445ae34-b648-3d3a-b8cf-0eb630061b6e,CARING HOSPICE SERVICES OF MASSACHUSETTS  LLC,34 CEDAR ST STE 4,WEST ROXBURY,MA,021324338,42.2792649,-71.1494972,7329016600,0.0,1
a2df2aea-9c53-31f4-baea-02ea5ea1e553,BUCKLEY-GREENFIELD HEALTHCARE CENTER,95 LAUREL STREET,GREENFIELD,MA,013013106,42.58163075,-72.61795013515538,4137743143,0.0,11
390a2aa4-70b4-3a64-a12f-9bd777834c8d,OUTER CAPE HEALTH SERVICES INC,710 MAIN STREET,HARWICH PORT,MA,026461931,41.669654699920855,-70.06169919459835,5084321400,0.0,58
2f945458-15b3-3b37-88f9-15c877c07989,XANADU HOME HEALTH LLC,12 WINTERBERRY HILL LN,MIDDLEBORO,MA,023461076,41.92111275,-70.98084417612286,5088139994,0.0,18
d0e8679a-02c2-31bb-9d6f-4073835a6b1e,FOREMOST AT SHARON LLC,259 NORWOOD ST,SHARON,MA,020671099,42.142070399999994,-71.19701120843712,7817846781,0.0,1
18a96051-91f4-3cba-af96-056ea14dfee0,ANNA JAQUES HOSPITAL SUBACUTE UNIT,25 HIGHLAND AVENUE,NEWBURYPORT,MA,019503872,42.81369325,-70.89091645747592,9784631056,0.0,303
1ab2b5f9-cb95-3236-beec-9b9d4a407c61,BERKSHIRE MEDICAL CENTER INC,725 NORTH ST,PITTSFIELD,MA,012014109,42.4600752,-73.2492795834909,4134472000,0.0,82
07ae483b-b351-3add-8b05-afba832b88ea,STONEHEDGE HEALTH CARE CENTER,5 REDLANDS ROAD,WEST ROXBURY,MA,021321506,42.2879347,-71.15108161583282,6173276325,0.0,5
1bed5229-19d7-3168-94a2-f1f2abb00270,MORTON HOSPITAL  A STEWARD FAMILY HOSPITAL  INC.,88 WASHINGTON ST,TAUNTON,MA,027802465,41.9062805,-71.09518121351795,5088287881,0.0,468
41e2a44c-477c-3511-96f9-12c476aa3b6a,DR SOLOMON CARTER FULLER MENTAL HEALTH CENTER,85 E NEWTON ST,BOSTON,MA,021183553,42.336277100000004,-71.07085295687423,6176268860,0.0,450
08a245b0-5f91-323e-a467-5df39c62fb75,CHS OF WORCESTER  INC,39 QUEEN ST,WORCESTER,MA,016102433,42.2576289,-71.81397814307789,5087534791,0.0,1
9d41e4fc-9507-3ddb-82ad-966046fca031,ODD FELLOWS HOME OF MASSACHUSETTS,104 RANDOLPH ROAD,WORCESTER,MA,016062465,42.29955605000001,-71.79838133819244,5088536687,0.0,9
5b0cd0a0-f277-3a66-bee6-d64b5be4a3f5,BERKSHIRE MEDICAL CENTER INC - 1,725 NORTH ST,PITTSFIELD,MA,012015493,42.4600752,-73.2492795834909,4134472000,0.0,119
d2ff60c8-34c8-359e-a9c5-e4f3da28b330,Gloucester Community Based Outpatient Clinic (CBOC),199 Main Street,Gloucester,MA,01930,42.613102,-70.66085,800-838-6331,0.0,77
4956f573-3dc2-3a67-9692-2f57451744e6,RESERVOIR CENTER FOR HEALTH & REHABILITATION  THE,400 BOLTON STREET,MARLBOROUGH,MA,017523912,42.35966285,-71.55290125539051,5084816123,0.0,11
b44955d1-f0e2-3beb-a013-708a81dbe430,SIGNATURE HEALTHCARE MEDICAL GROUP INC,680 CENTRE ST,WEST BRIDGEWATER,MA,023791600,42.0219112,-71.019004,5089417000,0.0,86
363631be-d437-3548-98c2-d10b909c1721,SEA VIEW CONVALESCENT AND NURSING HOME,50 MANSION DRIVE,ROWLEY,MA,019691026,42.73718535100735,-70.88053187301136,9789482552,0.0,6
c1986c0c-f756-3596-8f90-08adacf220fe,CHESTNUT WOODS REHABILITATION AND HEALTHCARE CTR,73 CHESTNUT STREET,SAUGUS,MA,019061605,42.4573919,-70.9918055,7812338123,0.0,1
ad2dab07-4f85-3950-baaa-7c7cd2aa770c,UNIVERSITY OF MA MED CTR-ESRD,55 LAKE AVENUE NORTH,WORCESTER,MA,016550002,42.2774799,-71.76166994969458,5088560011,0.0,36
18b1bb7e-2f93-3253-a7ae-d19c13ffeaa1,GARDEN STATE HEALTHCARE ASSOCIATES LLC,29 E 29TH ST,WEST NEWBURY,MA,019854201,42.8014795,-70.989778,2018587394,0.0,79
67d2f85b-ddc7-3ed0-b90b-6fa5b7b8358a,CHARLES RIVER COMMUNITY HEALTH  INC,43 FOUNDRY AVE,WALTHAM,MA,024538313,42.37050535,-71.21908334877376,6177830500,0.0,127
1d45436f-15a9-326e-a452-2e9ffc9fc5e5,FAMILY MEDICINE ASSOCIATES,75 SPRINGFIELD RD,WESTFIELD,MA,010851832,42.111428849999996,-72.71189899299209,4135625173,0.0,33
0d1570ab-371c-3898-9397-95905d8c5166,TUFTS MEDICAL CENTER  INC,750 WASHINGTON ST,BOSTON,MA,021111552,42.3499038,-71.0631836,6176365442,0.0,316
1853aeef-5897-326a-80d6-aa4b0459eb6d,BARRINGTON URGENT CARE PC,381 WICKENDEN ST,ATTLEBORO,MA,027032247,41.9438129,-71.2806515,4014337550,0.0,211
4b7e26e6-e5b1-38c9-b4ac-fde9a0f93177,FATHER BILL'S PLACE,38 BROAD STREET,QUINCY,MA,021694604,42.2560352,-70.99469254391217,8576541706,0.0,4
93552c27-f173-385f-8849-ee56c25f638b,SOMERSET LONG TERM CARE LLC,359 HIGH ST,GREENFIELD,MA,013012617,42.6033006,-72.58135309677492,4137746318,0.0,2
94dda4e1-7476-367a-b1f8-37ea7f61a1b7,WHITTIER REHABILITATION HOSPITAL - BRADFORD,145 WARD HILL AVENUE,WESTBOROUGH,MA,015811017,42.2694308,-71.6129907,9783728000,0.0,71
01bb7b5c-f850-3c4e-a3f1-442d8273559a,NORTHAMPTON WELLNESS ASSOCIATES LLC,395 PLEASANT ST,NORTHAMPTON,MA,010603914,42.3150543,-72.62555561349089,4135847787,0.0,42
c56fe86b-652f-3359-ad8e-4b8502d94cb9,BEAR MT WEST ROXBURY LLC,5060 WASHINGTON ST,WEST ROXBURY,MA,021324738,42.2649902,-71.15254191018812,6173235440,0.0,3
bdaa3017-130e-34e9-b3ac-ca6d992e8b50,PENACOOK PLACE  INC,150 WATER STREET,HAVERHILL,MA,018306213,42.77508795,-71.07182802882255,9783740707,0.0,1
22fa6d28-92b6-3446-a388-f5aba50debaf,CHELSEA JEWISH VISITING NURSE AGENCY,123 CAPTAIN'S ROW,CHELSEA,MA,021504019,42.3917638,-71.0328284,6178870826,0.0,16
2ca615f3-87f7-3283-a447-d919a883b676,HANOVER FAMILY HEALTH & URGENT CARE PC,1399 WASHINGTON ST,HANOVER,MA,023391653,42.1441354,-70.8440854,7818290895,0.0,32
c0a33465-d309-3d2a-932e-9d554a7cc19c,T MASSACHUSETTS  LLC,100 CENTURY DR,WORCESTER,MA,016061244,42.3138278,-71.7707002,7743667000,0.0,146
0583e4f7-f1c2-3100-8e0c-d0decc7ef261,COMMUNITY HEALTH CENTER OF CAPE COD  INC.,123 WATERHOUSE ROAD,BOURNE,MA,025323890,41.72840155,-70.58506829999999,5084777090,0.0,51
7f32dd7d-5c35-3ddb-839b-8fbbb930d412,ST PATRICK'S MANOR,863 CENTRAL STREET,FRAMINGHAM,MA,017014813,42.30758060362541,-71.42846215724606,5088798000,0.0,10
51d38e67-9350-39b8-bbb3-91cc879ae415,HIGHLANDS  THE,335 NICHOLS ROAD,FITCHBURG,MA,014201932,42.598254850000004,-71.80841914533654,9783434411,0.0,2
80646050-1c76-3046-bbc8-fd5f0b7c34e6,COMMUNITY HEALTH CONNECTIONS  INC,140 ARNHOW FARM ROAD,FITCHBURG,MA,014201369,42.5903661,-71.8119837,9788788100,0.0,25
0a689d33-2b0d-3942-8de8-e28812e91c69,MEASURED WELLNESS LLC,47 SEAVERNS AVE # 5,BROOKLINE,MA,024463806,42.3317642,-71.1211635,5137482498,0.0,37
8dfd8248-d6cc-3d0d-abfe-b3ac8d91ab70,GVNA HEALTHCARE INC,34 PEARLY LN,GARDNER,MA,014401736,42.59408525,-71.96218719634496,9786321230,0.0,17
cac6f8b3-eafd-31b3-9fa3-8015752ccc2c,VHS ACQUISITION SUBSIDIARY NUMBER 7 INC,123 SUMMER ST,WORCESTER,MA,016081216,42.26496835,-71.79655403681465,5083636211,0.0,37
e02d9c87-52cb-3f3c-9f97-fe95f260c437,OLD COLONY HOSPICE  INC,321 MANLEY STREET,WEST BRIDGEWATER,MA,023791022,42.0338457,-71.05496436428572,7813414145,0.0,2
6e517750-a29e-3170-a02b-5733ff523458,TREE OF LIFE HEALTHCARE ASSOCIATES,101 BARRY RD,WORCESTER,MA,016091275,42.3030701,-71.8333408960994,5087677931,0.0,134
1b3fe590-8793-3f08-865d-01fc425a84d4,FENWAY COMMUNITY HEALTH CENTER  INC,1340 BOYLSTON ST,BOSTON,MA,022154302,42.34392675,-71.09888049065322,6179274880,0.0,131
3f12ebb4-e03c-3453-88d2-4fc9682383df,NEW BEDFORD INTERNAL MEDICINE & GERIATRICS  LLC,726 COUNTY ST,NORTH DARTMOUTH,MA,027473603,41.6389926,-70.9703171,5089845671,0.0,161
a9fc7aa5-d3b3-314d-9cf7-af29051d3dd9,MANET COMMUNITY HEALTH CENTER  INC AT HOUGHS NECK,1193 SEA STREET,TAUNTON,MA,027803960,41.8946107,-71.11113,6174718683,0.0,40
477c3c1a-ba1a-3102-8a91-56624ba236e4,SUDBURY PINES EXTENDED CARE FACILITY,642 BOSTON POST RD,SUDBURY,MA,017763302,42.36142375,-71.44123077142632,6175126625,0.0,1
9c9d017c-0a4d-3e03-9802-4d310ea05c71,NEB OPERATOR LLC,70 FULTON ST,BOSTON,MA,021091402,42.362439499999994,-71.05377386223965,6177269700,0.0,1
8af3b144-0e1a-3c90-937d-81a4ed026080,NORWOOD HOSPITAL,800 WASHINGTON STREET,NORWOOD,MA,020623489,42.1886973,-71.2005241,7817694000,0.0,34
a35fd733-dc1a-33f0-a308-292ff5581287,PIONEER VALLEY INTERNAL MEDICINE  PC,15 STRAW AVE,FLORENCE,MA,010621491,42.335654,-72.663286,4135842333,0.0,41
b014aec7-7bd8-351f-8808-3e280cbc5be6,STEWARD HOLY FAMILY HOSPITAL INC,70 EAST ST,HAVERHILL,MA,018306700,42.7777829,-71.0767724,9786870151,0.0,98
b3b56527-d366-3353-bca9-266a12f23051,LYDIA TAFT HOUSE,60 QUAKER HIGHWAY,UXBRIDGE,MA,015691628,42.06100105,-71.62352848737622,5082789500,0.0,32
f1664435-2eca-3eff-bd1a-13701e7ad1bd,STANFORD HEALTH CARE,300 PASTEUR DRIVE,NEWTON,MA,024592058,42.3370414,-71.2092214,6507234000,0.0,107
125eccb3-d003-34ea-9bd8-360dff059782,NEW ENGLAND BAPTIST HOSPITAL,125 PARKER HILL AVENUE,DEDHAM,MA,020266146,42.2489143,-71.1755732,6177545800,0.0,8
c5742266-625d-3824-9ed3-4b5c6bc3e296,SPECTRUM HEALTHCARE PARTNERS PA,22 BRAMHALL ST,SCITUATE,MA,020664312,42.1939754,-70.7697128,2076622571,0.0,150
b242f971-3c74-3778-b148-81366c1e6a3f,WALDEN BEHAVIORAL CARE LLC,10 CAREMATRIX DR,DEDHAM,MA,020266149,42.2270762,-71.17237295563174,7816476700,0.0,73
99a31e4a-04aa-334b-9e96-904f01483d93,SPAULDING NURSING AND THERAPY CENTER BRIGHTON  INC.,100 N BEACON ST,ALLSTON,MA,021341928,42.3536388,-71.1375978,6177269700,0.0,1
e92dad8b-f485-315a-8fc4-1d7adfdc9c00,NORTHEAST BEHAVIORAL HEALTH LLC,581 FAUNCE CORNER RD,DARTMOUTH,MA,027471242,41.676111381167445,-70.98788528176077,5082079800,0.0,580
aad05540-c9cb-3805-b3c4-f9b9d9b42b2e,RIVER'S EDGE PRIMARY CARE LLC,821 E MAIN ST STE 3,CHICOPEE,MA,010206306,42.155774795300516,-72.55672263289513,4136956774,0.0,116
2e73956a-942f-36f3-b88c-f88e782e578f,COMPASSUS - SOUTHERN MASSACHUSETTS,790 TURNPIKE STREET  SUITE 202,NORTH ANDOVER,MA,018456138,42.661547049999996,-71.10774565195425,9787778222,0.0,9
eea92149-820f-301f-911e-b170e8312842,ST VINCENT HOSPITAL,123 SUMMER STREET,WORCESTER,MA,016102177,42.26496835,-71.79655403681465,5083635000,0.0,26
19a3afba-b409-3650-a0ab-f3faf6e391ef,ASSOCIATED PHYSICIANS OF HARVARD MEDICAL FACULTY PHYSICIANS AT BETH IS,199 REEDSDALE RD,WALTHAM,MA,024511433,42.3756401,-71.2358004,6176964600,0.0,185
0e9d0119-1157-35a0-8bb5-7e0aa3041928,CARING HEALTH CENTER  INC,1049 MAIN STREET,SPRINGFIELD,MA,011032114,42.09977055,-72.58470990760483,4136931007,0.0,80
76b7dbb5-0a02-32a4-9a01-3511f7e45016,CARDIGAN NURSING & REHABILITATION CENTER,59 COUNTRY WAY,SCITUATE,MA,020663746,42.1806871,-70.74862935148246,7815459477,0.0,63
83a08dcf-7ed6-3d2e-afc0-a72c05d2563c,GREATER LAWRENCE FAMILY HEALTH CENTER INC,755 MAIN ST,HAVERHILL,MA,018302166,42.797835,-71.0878121,9786860090,0.0,62
b826cbda-f69b-32d0-9e6e-edcb80f692bb,HILLCREST COMMONS NURSING & REHABILITATION CENTER,169 VALENTINE ROAD,PITTSFIELD,MA,012013042,42.45821049070386,-73.27683573566691,4134452300,0.0,4
25c85bcc-7e25-36bc-89e8-08e0d473db23,A&A HEALTHCARE LLC,138 S MAIN ST STE 14,MILFORD,MA,017573272,42.1270746,-71.51639128815474,5082414877,0.0,76
671a8184-bf6f-3ec2-b307-3ff70e604912,WORCESTER INTERNAL MEDICINE  INC.,405 GROVE ST,WORCESTER,MA,016041086,42.28737115,-71.80791697272812,5087561808,0.0,38
c9aabcbd-d4e0-391f-8980-d0be6934ea82,VIGILANT FAMILY HEALTH CLINIC  INC.,340 PLEASANT ST,BROCKTON,MA,023013236,42.08764334999999,-71.03287346676532,8579918438,0.0,45
d9b71ccf-6649-3555-9e99-44eac0af257f,SERENITY HILL NURSING CENTER,655 DEDHAM ST,WRENTHAM,MA,020931135,42.084901,-71.30689224201797,5083843400,0.0,30
c4ac39af-31c3-3e1b-bd95-faa239bce600,ATLANTIC COASTAL WELLNESS INC,374 ROUTE 28,WEST YARMOUTH,MA,026734717,41.6514493,-70.24627055149762,5087751311,0.0,21
81991e0d-8034-36c8-be5c-624b44cb67de,76 NORTH STREET OPERATOR LLC,76 NORTH ST,MIDDLEBORO,MA,023461619,41.9014651,-70.91375666607357,5089474774,0.0,1
5876b638-1603-348c-86ef-9c708bd240dd,CONTINUUM CARE OF MASS  LLC,500 W CUMMINGS PARK STE 6300,WOBURN,MA,018016541,42.495389450000005,-71.12874638292683,5103806631,0.0,1
e68de1a0-767e-3466-b9a6-43948ee073d3,GOOD SHEPHERD COMMUNITY CARE,160 WELLS AVENUE,NEWTON,MA,024593302,42.29337605,-71.19806353028767,6179696130,0.0,117
2fb77691-5353-358a-bc94-90af77dd654b,NASHOBA VALLEY MEDICAL CENTER  A STEWARD FAMILY HOSPITAL INC,200 GROTON RD,AYER,MA,014321168,42.577352149999996,-71.57414587343038,9787849000,0.0,78
ede8251b-e165-3ef6-b8a0-305217ba8e88,SUBURBAN INTERNAL MEDICINE  INC.,710 STOCKBRIDGE RD,LEE,MA,012389316,42.29155405,-73.28210389651024,4132430122,0.0,24
d6c165ec-d9ca-35a5-9bc8-2061cbfb83a2,CHELMSFORD FAMILY PRACTICE  PC,10 ADAMS ST,NORTH CHELMSFORD,MA,018631780,42.6389249,-71.3840196,9782513159,0.0,8
cbebae9e-f95e-3d2c-9712-289ea8d6aeec,ARBOUR HOSPITAL  THE,49 ROBINWOOD AVENUE,QUINCY,MA,021698130,42.2509914,-71.0037374,6175224400,0.0,131
1cec4304-9757-3a10-ad4f-7e2090c56131,UMASS MEMORIAL MEDICAL CENTER INC,55 LAKE AVE N,WORCESTER,MA,016550002,42.2774799,-71.76166994969458,5083340254,0.0,436
5862e05c-9533-3f7a-8f73-215d50f5ee2f,HEBREW REHABILITATION CENTER,1200 CENTRE ST,ROSLINDALE,MA,021311000,42.29768,-71.130463,6173258000,0.0,176
ec7e487e-7e78-3eac-a9ee-37f8de98a0f9,COLONY CENTER FOR HEALTH & REHABILITATION,277 WASHINGTON STREET,ABINGTON,MA,023512489,42.10060947239023,-70.94967338146704,7818710200,0.0,35
a8f1424c-00bc-3403-8db5-cd600978f3a4,CONNECTICUT RIVER INTERNISTS. LLP,8 BURNHAM ST,TURNERS FALLS,MA,013761816,42.6042523,-72.5564777,4137745554,0.0,31
411f14a5-de79-3e08-81d6-301270cc2275,RHEUMATOLOGY AND INTERNAL MEDICINE ASSOCIATES PC,64 CONCORD STREET,WILMINGTON,MA,018872179,42.55962465,-71.13772203658047,9786641606,0.0,27
471f7ca2-38f8-3080-8109-187c73ec0b1f,SALEM FAMILY HEALTH CENTER,27 CONGRESS ST,SALEM,MA,019707308,42.518722068313224,-70.88940635956651,9787448388,0.0,67
20df65a4-7567-3066-b680-0f71b0c31d38,HENRY HEYWOOD MEMORIAL HOSPITAL,242 GREEN ST,GARDNER,MA,014401336,42.58685735,-71.98748072431209,9786323420,0.0,1375
5581e43d-0463-3a0b-afc7-a60aea5ac96c,GREATER LAWRENCE FAMILY HEALTH CENTER INC,57 RIVER RD,ANDOVER,MA,018101144,42.69112645,-71.19636086287642,9786868521,0.0,67
7dcab1ad-0e13-3700-9eb0-70767c5e2b55,URGENT CARE PHYSICIANS PC,1515 ALLEN ST,SPRINGFIELD,MA,011181803,42.095299499999996,-72.50943136142334,4137839114,0.0,10
7fc42341-ad5f-3c6c-94f3-4afaa0f8a028,BAYADA HOME HEALTH CARE INC,368 FAUNCE CORNER RD,DARTMOUTH,MA,027476249,41.6633564,-70.99152756769953,5089941003,0.0,30
ce9c1582-994d-32bf-835c-474a249d2804,KINDRED AT HOME,275 MARTINE STREET  SUITE 104,FALL RIVER,MA,027231500,41.68393816525316,-71.1220830626733,5086720675,0.0,25
b4064f5c-4729-31ef-a5b1-5343474c9520,WEST RIVER HOSPICE  LLC,63 KENDRICK ST,NEEDHAM,MA,024942708,42.2972045,-71.21072731380494,7817079578,0.0,1
6ea4d3d6-d820-387a-a3d1-ed5944ad47a2,BLUESKIES WELLNESS INC,232 PLEASANT ST,METHUEN,MA,018447152,42.7397562,-71.17113575205717,9786551823,0.0,40
e7722de2-0e62-3dc9-a163-a7003956673b,SEASONS HOSPICE & PALLIATIVE CARE OF MASS LLC,1 EDGEWATER DRIVE  SUITE 103,NORWOOD,MA,020624669,42.16153305,-71.20162617190071,8666709449,0.0,8
9b8a7a25-b923-3710-9f3c-d42919a3f54f,COMPASSIONATE CARE INTERNAL MEDICINE  LLC,146 MAIN ST,MAYNARD,MA,017542651,42.4309786,-71.4552968,9788230023,0.0,145
966245ce-e84d-36b0-a838-2e0b5bb2e668,MATTAPAN COMMUNITY HEALTH CENTER,1425 BLUE HILL AVENUE,MATTAPAN,MA,021262122,42.2754929,-71.09384131587021,6172960061,0.0,36
b9a91cbd-3263-31d9-9cff-55873cf8b2e2,Springfield Outpatient Clinic,25 Bond Street,Springfield,MA,01104,42.110065,-72.60007,413-731-6000 Or 413-731-6000,0.0,176
b574fc4f-313c-38a4-9baf-7e12e431a499,SAVARD & MOSKOS EYE HEALTH CARE  LLC,511 W GROVE ST,MIDDLEBORO,MA,023461479,41.90036455,-70.9535889372234,5089477321,0.0,149
9dbd44ba-59b2-3d1d-ac91-3880af8081d2,INTEGRATIVE FAMILY MEDICINE ASSOCIATES,529 MAIN ST STE B,ACTON,MA,017203965,42.4878132338563,-71.43046999422496,9786351800,0.0,32
35eba9db-902f-32e6-b302-0e5ef8fa5c68,THE NORTHEAST HEALTH GROUP  INC,66 BROAD ST,WESTFIELD,MA,010852927,42.1165587,-72.74727440058362,4135625464,0.0,4
9656a864-3b93-356f-9fa6-d7988e249977,ENRICH WELLNESS HEALTH CENTER LLC,950 N MAIN ST STE 203,RANDOLPH,MA,023683064,42.1871612,-71.0568102,5088120706,0.0,27
3465062e-288a-395c-abbe-2813f9c7b8a1,VERO HEALTH XV LLC,22 MAPLE ST,AMESBURY,MA,019131304,42.857005,-70.94281582407783,9783884682,0.0,2
845fbd9b-2d1c-39a8-8261-28ae40e4fab2,MILFORD REGIONAL MEDICAL CENTER,14 PROSPECT STREET,UPTON,MA,015681431,42.1700209025178,-71.59409308099494,5084731190,0.0,986
fe7441a8-2020-304d-aeeb-ba83c9ee2e3f,WEST SIDE CORPORATION,35 FRUIT ST,WORCESTER,MA,016092198,42.26702925,-71.81077636812154,5087526763,0.0,1
bac9dc0c-cb0f-3fa6-aa12-819dd0fb922a,CAMBRIDGE PUBLIC HEALTH COMMISSION,1493 CAMBRIDGE ST,SOMERVILLE,MA,021452935,42.3875968,-71.0994968,6176651000,0.0,440
84d5768f-3a21-3da9-aad2-bbf7a3ae2700,LOWELL FAMILY MEDICAL CARE PC,817 MERRIMACK ST,LOWELL,MA,018543548,42.650296999999995,-71.32263756223612,9784530550,0.0,41
9ce6072b-d039-3cde-8eaf-950211b8ae88,MIDDLETON FAMILY MEDICINE URGENT CARE  LLC,147 S MAIN ST,MIDDLETON,MA,019492446,42.585787222720036,-71.00861442427218,9787742555,0.0,47
37e9314c-6d3f-3aae-8f0a-8139f6a3034c,Lowell Veterans Community Care Center,130 Marshall Road,Lowell,MA,01852,42.62101,-71.31481,978-671-9000,0.0,165
af8566eb-8918-3ec7-ba44-92b6a2cf8097,NORTH SHORE MEDICAL CENTER INC,81 HIGHLAND AVE,SALEM,MA,019702714,42.5112107,-70.90516241826194,9787410522,0.0,785
d4a03501-69f6-3a89-ac27-ed25976fdb6f,LIFE CARE CENTER OF STONEHAM,25 WOODLAND ROAD,STONEHAM,MA,021801705,42.450448800000004,-71.09076944938434,7816622545,0.0,30
4058ca7b-c48b-3aaf-8de9-fc421f6a9e1c,199 ANDOVER STREET OPERATING COMPANY  LLC,199 ANDOVER STREET ROUTE 114W,PEABODY,MA,019601630,42.5278731,-70.9286609,9785310772,0.0,1
73b6f956-a558-348c-8524-52b20510e421,SECURE HOME HEALTH CARE INCORPORATED,891 HYDE PARK AVENUE,HYDE PARK,MA,021363267,42.26954947530026,-71.1209263051824,6175245005,0.0,23
ecd3b321-0a8a-3ce6-81f0-982dd77fce43,ANNA JAQUES HOSPITAL SUBACUTE UNIT,25 HIGHLAND AVE,NEWBURYPORT,MA,019503867,42.81369325,-70.89091645747592,9784631000,0.0,179
42c13743-f36f-370a-a5ca-3e3c9795e02d,SENIOR RESIDENTIAL CARE - KINGSTON  INC.,17 CHIPMAN WAY,KINGSTON,MA,023641039,42.0115267956362,-70.78988939618995,7815854100,0.0,1
058176fd-cbb0-328b-8411-c19f5045032d,EXCEL CENTER FOR NURSING AND REHAB AT LEXINGTON,840 EMERSON GARDENS ROAD,LEXINGTON,MA,02420,42.43761961817366,-71.19888753880475,7818618630,0.0,5
a036cdf2-bbc5-3ffd-987f-56e437fd8b74,WINDSOR NURSING & RETIREMENT HOME,265 N MAIN ST,SOUTH YARMOUTH,MA,026642083,41.680980000000005,-70.18292625685085,5083943514,0.0,10
4f5e8f16-a31b-3071-8556-d7188ede313d,HOLYOKE MEDICAL CENTER INC,575 BEECH ST,HOLYOKE,MA,010402223,42.20105435,-72.628169560868,4135342805,0.0,642
69cb2157-b620-3c51-9c94-f516462d2d55,FAMILY PRACTICE GROUP PC,11 WATER ST,ARLINGTON,MA,02476,42.41642055,-71.15424293038585,7816489700,0.0,9
615416de-5217-3c11-9828-2d4bacd1d9cb,VISITING NURSE ASSOCIATION OF CAPE COD  INC.,434 ROUTE 134,HYANNIS,MA,026011854,41.6753274,-70.309939,5089577710,0.0,2
218e58e4-9642-3ebd-9b39-34d15f22c620,COMMUNICATIVE HEALTH CARE ASSOCIATES INC.,977 MAIN ST,WALTHAM,MA,024517406,42.376452150000006,-71.25063779999999,7818994709,0.0,154
9a20d707-68e4-32c0-b2b2-2f5d5c2012cd,CLARITY HEALTH & WELLNESS LLC,131 CAMBRIDGE ST STE 1,BURLINGTON,MA,018033711,42.50284395,-71.19574553661971,7812652572,0.0,55
071a898d-3535-39fd-bf61-d33301aacd04,TRANQUIL MIND & WELLNESS,104 CHARLES ELDRIDGE RD,LAKEVILLE,MA,023471370,41.8459353,-70.9494854,5089471683,0.0,43
41f66e18-8eb7-32f2-9371-7df5bf2b8d21,AMBULATORY EMPLOYEE INDUSTRIAL OCCUPATIONAL AND URGENT HEALTHCARE,170 UNIVERSITY DRIVE,GREENFIELD,MA,013011238,42.6097476,-72.5979752,4133874556,0.0,11
a25107f7-f4f5-36fc-98e4-f3e1b5875c91,MASS GENERAL BRIGHAM URGENT CARE LLC,1285 BEACON ST,WOBURN,MA,018012157,42.4979478,-71.1684508,6177516205,0.0,260
0e6c3ad1-24c1-34cb-bb6d-e8438fa319e2,URGENT CARE OPERATIONS PC,50 DODGE ST,SWAMPSCOTT,MA,019071300,42.4699241,-70.9171507,9789222171,0.0,61
b4ca31a9-9d34-3ea1-93c4-443941622304,COMMUNITY HEALTH CENTER OF FRANKLIN COUNTY INCORPORATED,102 MAIN ST,GREENFIELD,MA,013013224,42.5879173,-72.6055828841603,4133258500,0.0,88
3662bcd2-07cc-364c-bd86-161bb738aacf,ALLIANCE HOSPICE CARE LLC,1340 CENTRE ST STE 208,NEWTON,MA,024611900,42.3281027,-71.19582114345262,6176634881,0.0,1
43ee6bb5-8efa-3bfc-8ca8-1579a5267753,STEWARD GOOD SAMARITAN MEDICAL CENTER  INC.,235 N PEARL ST,BROCKTON,MA,023011794,42.09805395,-71.0609587194362,5084273000,0.0,28
3695125c-c052-3ece-898a-2a6448987ae5,URGENT CARE SPECIALISTS  P.C.,2040 BOSTON RD STE 5,WILBRAHAM,MA,010951380,42.150295650000004,-72.47288272264812,4135993800,0.0,13
ed43f171-1ac1-3f08-aef5-0f62c515cf4d,JML CARE CENTER  INC,184 TER HEUN DR,FALMOUTH,MA,025403160,41.56534135,-70.62534898297048,5084574621,0.0,1
63b93742-6c13-3309-92b6-f7c858e9f320,FAMILY AND COMMUNITY SOLUTIONS INC,77B WARREN ST,BRIGHTON,MA,021353601,42.348002699999995,-71.14205064012461,6177871901,0.0,43
bdd9ad72-443a-3563-a626-4c45f6d058b2,COMFORT HOME CARE  LLC,147 PELHAM STREET,WORCESTER,MA,016072105,42.265209,-71.814005,9786854700,0.0,18
05fcf001-ab24-3d7d-85f7-f64942d82738,ENCOMPASS HEALTH BRAINTREE HOSPITAL OF BRAINTREE,250 POND STREET,FRAMINGHAM,MA,017014592,42.2838619,-71.4093719,7818485353,0.0,432
7e6db51f-7c1b-3555-9e1c-6269ba6d704d,ACCLAIM HOME HEALTH CARE  INC,120 STAFFORD STREET SUITE 206,WORCESTER,MA,016031461,42.239638,-71.8443785891577,5084596937,0.0,7
83769f98-fff3-3535-8781-6ace5957136f,SOUTHSHORE HEALTH CARE CENTER,115 NORTH AVENUE,ROCKLAND,MA,023702129,42.13496385,-70.92237824494691,7818783308,0.0,7
e7b77e8f-b607-3273-aef9-ad1bca48813f,ZION HEALTH & WELLNESS LLC,209 W CENTRAL ST STE 216,NATICK,MA,017603716,42.28202598359604,-71.3899479380402,7745970925,0.0,15
1b26464f-ebe5-3045-b976-40f9979418c6,COMPASSUS - GREATER BOSTON,243 KING ST,NORTHAMPTON,MA,010602367,42.331161,-72.634183,7814872201,0.0,1
62ccfb55-1f60-3450-a607-706bedc9ef4e,120 MURRAY STREET OPERATIONS LLC,120 MURRAY STREET,MEDFORD,MA,021551300,42.42974035,-71.08853906104483,7813910800,0.0,2
05cd3fbb-08ce-38bf-b680-721a3e902d43,PODIATRIC HEALTHCARE PC,9 WARREN CT,SALEM,MA,019703163,42.51586993877551,-70.90514912244899,9787441309,0.0,34
0e3a24c3-b772-3059-b3fd-8a4710068a82,LAKESIDE FAMILY PRACTICE,416 BROADWAY,RAYNHAM,MA,027671737,41.940680799999996,-71.07864352196617,5088285020,0.0,208
28d71598-85eb-3a0e-90c1-22e0be1af57c,PARADIGM HEALTHCARE  PC,38 MULBERRY ST STE 204,NORTHAMPTON,MA,010602832,42.35436315,-72.70256804599192,4133550761,0.0,122
f68ebf98-ba5b-35af-b2bd-da56cc5b13be,SERENITY HOSPICE LLC,270 LITTLETON RD STE 22,WESTFORD,MA,018863524,42.5569148,-71.4366336131239,9787712619,0.0,4
a537b406-fdfa-36b4-84da-12512e7e6c63,STEWARD ST. ANNES HOSPITAL CORPORATION,795 MIDDLE ST,STOUGHTON,MA,020721829,42.1252079,-71.1022015,5086745600,0.0,129
d24e558b-6659-3c62-bfa7-938aa245c8a8,DRUM HILL PRIMARY CARE LLC,4 COURTHOUSE LANE SUITE 1-3,CHELMSFORD,MA,018241737,42.62439345,-71.35881000636567,9784520052,0.0,67
f5c6acf1-d209-3ba2-9fec-f70dda7001f0,BEAR MOUNTAIN 320 OPERATING LLC,320 MAPLE AVE,GREAT BARRINGTON,MA,012301951,42.18317635,-73.37707900285446,4135282650,0.0,2
e5d50afe-8c7d-35f5-96f5-fb8941403b0f,VMD PRIMARY PROVIDERS MASSACHUSETTS PLLC,125 S CLARK ST STE 900,FALL RIVER,MA,02722,41.74223,-71.129706,3124657900,0.0,163
9adfae03-673d-365d-9052-f705098fa3e4,THE SHRINERS HOSPITAL FOR CHILDREN,51 BLOSSOM ST,BOSTON,MA,021142699,42.36305545,-71.06643399281765,1617722300,0.0,410
46912be1-43b9-3c0c-9fbd-3d123f2eacc6,BLUPOINT HEALTHCARE LLC,821 DANIEL SHAYS HWY,ATHOL,MA,013316903,42.572540548950265,-72.2674105528448,9782493717,0.0,1
48a07866-e8d7-3268-aa3c-ca3237c8e6f3,BOSTON PAIN CLINIC & PRIMARY CARE PC,188 PROVIDENCE ST,HYDE PARK,MA,021361861,42.2682551,-71.12174592925336,6173612166,0.0,172
9f85a8c8-007c-3490-a7b7-4a0324c13307,CHAE INTERNAL MEDICINE LLC,70 FULTON ST,BOSTON,MA,021091402,42.362439499999994,-71.05377386223965,6178764344,0.0,29
25431f9a-00e4-36d8-9810-4125328eec50,THE GENERAL HOSPITAL CORPORATION,55 FRUIT ST,WALTHAM,MA,02451,42.3756401,-71.2358004,6177262000,0.0,607
89171335-b9c0-3326-98d6-a837d432b9fd,WHITTIER REHABILTATION HOSPITAL,150 FLANDERS ROAD,LYNN,MA,019042915,42.466763,-70.9494939,5088712063,0.0,88
7cd7fc5c-3fa7-3b6e-b3c9-0dbaec2a3470,HOLYOKE HEALTH CENTER INC,505 FRONT STREET,CHICOPEE,MA,010133140,42.14871685,-72.59756969862315,4134202222,0.0,87
01bde980-bf89-3138-8912-7360dff33247,LE & CHANG FAMILY URGENT CARE PC,456 PARK AVE,WORCESTER,MA,016101254,42.25512735,-71.82580924803523,5086851517,0.0,57
217cb6f6-e822-3831-9d9d-ffa104971042,ENCOMPASS HEALTH REHABILITATION HOSP OF NEW ENGLAN,2 REHABILITATION WAY,WOBURN,MA,018016003,42.46352265,-71.161925472006,7819355050,0.0,206
4e56c7ec-99e5-3023-8e4f-95ad18a03f06,UNITED MEDICAL CARE LLC,28 RIVERSIDE DR STE 101,PEMBROKE,MA,023594947,42.11004715,-70.77534154695786,5089715500,0.0,176
e2a8b444-9b8f-36ff-84c4-05ee98589482,WHITLEY WELLNESS LLC,8 SHIPWAY PL # C-8,CHARLESTOWN,MA,021294301,42.3778749,-71.0619957,3254399799,0.0,233
65dac97b-bb0c-38ae-94bc-bf29ac9687ea,CRANEVILLE PLACE REHABILITATION & SKILLED  CARE CT,265 MAIN STREET,DALTON,MA,012261614,42.472932099999994,-73.17745071097283,4136843212,0.0,12
71f4c23f-7559-31ff-8f42-a672e80b85a2,SPAULDING REHABILITATION HOSPITAL,300 FIRST AVENUE,WESTBOROUGH,MA,015812831,42.2694308,-71.6129907,6177206400,0.0,93
05f80ed8-6a7a-3728-8b5c-c5c995c8244a,VA Boston Healthcare System  Jamaica Plain Campus,150 South Huntington Avenue,Jamaica Plain,MA,02130,42.32809,-71.11076,617-232-9500,0.0,1021
3517aff1-b163-3cd5-8fff-19710fcdc1b7,KINDRED HOSPICE,400 HEMENWAY STREET,MARLBOROUGH,MA,017526762,42.36006255767826,-71.5077613040944,5082290912,0.0,21
18d2c9c2-4b92-3664-9b8e-419aff3ce942,ALLIANCE HEALTH AT BRAINTREE,175 GROVE STREET,BRAINTREE,MA,021847253,42.19127375,-70.99279579751581,7818482050,0.0,2
121b0ad1-1beb-3caa-9271-3d3f726bb727,PATRIOT URGENT CARE PROFESSIONALS PC,1030 MAIN STREET,WALTHAM,MA,024517447,42.375828,-71.2527956,7818946900,0.0,92
43f37d29-0bcb-3d84-b9c0-9ee4f2485ff2,TAG VIRTUAL WELLNESS LLC,168 WALTON RD UNIT 19,ROWLEY,MA,019692014,42.7136977,-70.8818364,6172939978,0.0,102
db60692f-cbef-315b-9fce-38a7f015c482,SOUTH SHORE PRIMARY CARE PC,72 SHARPE STREET,SCITUATE,MA,020664534,42.1939754,-70.7697128,7813312010,0.0,23
f6ba791e-fe68-3596-bef4-60751db6a60e,VNA & HOSPICE OF GREATER MILFORD,37 BIRCH STREET,MILFORD,MA,017575501,42.1424349,-71.48943173357203,5084730862,0.0,14
2fc3d86d-4194-3ad1-bb8a-99d5d34119a1,QUINCY PRIMARY HEALTHCARE PC,300 CONGRESS ST STE 203,QUINCY,MA,021690907,42.2345525,-71.01493330273374,6174811771,0.0,29
e1892a2c-6dca-3c4c-93b7-0e00a9eb8b61,PRIMARY & PREVENTIVE CARE  INC.,20 EAST ST,HANOVER,MA,023391638,42.1278249,-70.82664947485381,7818263146,0.0,107
67cade01-dcfe-37b7-8e2c-b712d9e6fbba,RUTLAND FAMILY HEALTH CENTER,694 MAIN ST,HOLDEN,MA,015201862,42.3406819,-71.8390289,5088866500,0.0,67
11a40a26-a5a3-331d-aef0-d06dd90e2b4e,CAPE COD PRIMARY CARE LLC,10 OSTERVILLE WEST BARNSTABLE RD,YARMOUTH PORT,MA,026752000,41.7020544,-70.249465,5084282620,0.0,124
b954c464-11ea-312b-a3f8-1350775bfa54,CHELSEA JEWISH HOSPICE AND PALLIATIVE CARE,123 CAPTAIN'S ROW,CHELSEA,MA,021504019,42.3917638,-71.0328284,6178890779,0.0,4
9f368e75-397f-3d77-a317-9a005512a4e2,EASTERN & WESTERN MEDICAL CENTER PC,381 PARK AVE,WORCESTER,MA,016101026,42.2583962,-71.82204240042036,5087923200,0.0,37
0dfa7ab2-4acc-360c-ab55-beb8e38a8c1d,HUGHES HEALTH AND WELLNESS,36 CORTADGE PARK,PLYMOUTH,MA,023607320,41.9426657,-70.7618592,5082807214,0.0,62
4d3ec6c2-f6aa-3d7b-adcc-e7107dac8530,LIFE CARE CENTER OF AUBURN,14 MASONIC CIRCLE,AUBURN,MA,015011341,42.181923125,-71.86839612499999,5088324800,0.0,40
95f6c328-96dd-3fb8-a56e-9aad566094b4,EXCEL HOME CARE SERVICES INC,4 STONY HILL ROAD,WILBRAHAM,MA,010951027,42.1552861,-72.48384800788648,4135832005,0.0,17
485ae27b-c5ba-3fd0-9a16-c9eea20be185,KINDRED  HOSPICE,275 MARTINE STREET  SUITE 202,FALL RIVER,MA,027231518,41.68393816525316,-71.1220830626733,5086720580,0.0,33
47602b5b-f4aa-3c73-aa26-2268ccf7a83c,HUNT NURSING & REHAB CENTER,90 LINDALL STREET,DANVERS,MA,019232125,42.574712149999996,-70.94359556912616,9787773740,0.0,3
c6d162b3-1d7f-368a-9990-671ca77e55d7,JEWISH HEALTHCARE CENTER INC,629 SALISBURY ST,WORCESTER,MA,016091121,42.2932691,-71.8390048,5087988653,0.0,29
1676f96e-65fc-350d-918b-453697bf07ff,NORWELL VISITING NURSE ASSOCIATION INC,120 LONGWATER DRIVE,NORWELL,MA,020611653,42.15682485,-70.8792143504961,7816592342,0.0,3
6d16a8e3-3569-38ab-afac-a2f8c1125085,BROOKHAVEN AT LEXINGTON,1010 WALTHAM STREET,LEXINGTON,MA,024218052,42.4139392,-71.22929265883278,7818639660,0.0,21
528231d3-78b8-39ec-a3d0-fea14af9462a,OC TWIN OAKS CENTER LLC,63 LOCUST ST,DANVERS,MA,019232240,42.57284679999999,-70.93631390759089,9787770011,0.0,1
91808f17-7583-32a3-aa55-23b131b327c7,SOUTH SHORE CENTER FOR WELLNESS LTD,200 CORDWAINER DR,NORWELL,MA,020611671,42.16352995,-70.8846291501739,7818788340,0.0,242
76baa51d-0d0f-359d-a07b-7b999a43d42e,PATHWAYS HEALTHCARE LLC,101 STATION DR STE 240,WESTWOOD,MA,020902336,42.20728361922244,-71.15698168263435,6174819077,0.0,57
02d7b144-352f-3eac-97db-6fc4a95bf1fa,LASELL HOUSE,120 SEMINARY AVENUE,AUBURNDALE,MA,024662650,42.34002614299451,-71.24911543639162,6176637000,0.0,5
4d780f61-40cc-3bcb-822b-cb51d398966f,MARY'S MEADOW AT PROVIDENCE PLACE,5 GAMELIN ST,HOLYOKE,MA,010404080,42.1642525,-72.63755321877633,4134202500,0.0,1
53f086de-2fc7-3d35-92c2-aca4ed944e7f,LAWRENCE GENERAL HOSPITAL,1 GENERAL ST,LAWRENCE,MA,018412961,42.7097143,-71.15007700778098,9786834000,0.0,826
44fc48e3-3fcf-3cea-b879-18d33cd93486,146 DEAN STREET OPERATOR LLC,146 DEAN ST,TAUNTON,MA,027802716,41.90428012423625,-71.0752596159568,5088230767,0.0,1
b636c344-0fda-3eea-96cf-1190f8d1d8fc,COMMUNITY HEALTH PROGRAMS INC,780 MAIN STREET,GREAT BARRINGTON,MA,012302148,42.17823835,-73.36310566431717,4135281470,0.0,81
c709c5eb-ddd7-3778-84f7-0931a4d1c718,HEBREW SENIORLIFE AFFILIATED MEDICAL GROUP INC,1200 CENTRE ST,ROSLINDALE,MA,021311000,42.29768,-71.130463,6179715766,0.0,401
8d81bd8c-ad6c-37f7-95c9-75fd3de24e86,HEALTHY CONCEPT FAMILY PRACTICE  LLC,118 MAIN ST,STURBRIDGE,MA,015661533,42.0905134,-72.06606362965572,7742410450,0.0,70
c05d73d0-b348-32ce-9fe5-13a720950f37,URGENT HELP CHELMSFORD PC,45 DRUM HILL RD,CHELMSFORD,MA,018241503,42.6255635,-71.3615131,9784467515,0.0,121
ac0fde88-b0ad-3388-a4a8-b8fc2a4f4af2,NEW ENGLAND SINAI HOSPITAL,150 YORK STREET,STOUGHTON,MA,020729105,42.144646800000004,-71.09875876961266,7813644850,0.0,33
e2d88cfd-5294-39cb-8580-4661141bfaa1,193 PLEASANT STREET OPERATOR LLC,195 PLEASANT ST,ATTLEBORO,MA,027032419,41.9502721,-71.27325564751882,5082224950,0.0,1
d70d47dc-b40c-3a04-8342-35cbfe716409,SENIOR HEALTHCARE ASSOCIATES INC,83 LITTLEFIELD RD,NEWTON,MA,024593010,42.3104327,-71.18883283411856,7816421859,0.0,120
047f6113-bd42-353b-8368-cf2352868915,BOSTON PELVIC HEALTH AND WELLNESS PC,62 WALNUT ST FL 2ND,WELLESLEY,MA,024812109,42.2964859,-71.2925571,6177692100,0.0,58
0592d4e5-a0fb-3143-83cd-8e5a6b066a96,SOUTH SHORE PRIMARY AND URGENT CARE LLC,20 EAST ST,HANOVER,MA,023391638,42.1278249,-70.82664947485381,7815610460,0.0,112
c67ca7ed-4769-3b6c-a0a9-993f1227ff10,CAPE ANN MEDICAL CENTER LLC,1 BLACKBURN DR,GLOUCESTER,MA,019302237,42.6269312,-70.65555242413386,9782811500,0.0,62
7b5bf0fc-c5c0-3f22-980b-fdfff326a9b4,WOONSOCKET URGENT CARE PC,40 CUMBERLAND AVE,NORTH ATTLEBORO,MA,027604445,41.9316677,-71.35407469790115,7812550500,0.0,22
ba07b31b-bf14-39b8-be95-4c5ca5062daa,SPAULDING HOSPITAL FOR CONTINUING MED CARE-CAMB,1575 CAMBRIDGE ST,CAMBRIDGE,MA,021384308,42.375209549999994,-71.10711344152975,6178764344,0.0,202
6aae7a31-90df-3455-ad8d-81f8cf2d21e8,BROCKTON HOSPITAL  INC.,680 CENTRE ST,BROCKTON,MA,023023308,42.0872752,-70.9910738855076,5089417000,0.0,1229
104079d4-560e-3eb8-9a48-d495835a3997,HYANNIS FAMILY MEDICAL CARE PC,68 CAMP ST,MASHPEE,MA,026493465,41.6484421,-70.4811383,7744701370,0.0,141
