Id,NAME,OWNERSHIP,ADDRESS,CITY,STATE_HEADQUARTERED,ZIP,PHONE,AMOUNT_COVERED,AMOUNT_UNCOVERED,REVENUE,COVERED_ENCOUNTERS,UNCOVERED_ENCOUNTERS,COVERED_MEDICATIONS,UNCOVERED_MEDICATIONS,COVERED_PROCEDURES,UNCOVERED_PROCEDURES,COVERED_IMMUNIZATIONS,UNCOVERED_IMMUNIZATIONS,UNIQUE_CUSTOMERS,QOLS_AVG,MEMBER_MONTHS
a735bf55-83e9-331a-899d-a82a60b9f60c,Medicare,GOVERNMENT,,,,,,17748719.54,823198.92,2616988.50,8621,0,10225,0,19792,0,1664,0,120,0.7755835196804032,16032
df166300-5a78-3502-a46a-832842197811,Medicaid,GOVERNMENT,,,,,,46997103.44,1045302.75,411570.00,12949,0,4321,0,28601,0,4110,0,167,0.9414344380749473,41352
d18ef2e6-ef40-324c-be54-34a5ee865625,Dual Eligible,GOVERNMENT,,,,,,7374252.35,260562.90,49100.00,4133,0,5044,0,7869,0,503,0,32,0.7053301395720564,5064
26aab0cd-6aba-3e1b-ac5b-05c8867e762c,Humana,PRIVATE,,,,,,13327296.12,8227561.50,7923798.00,6208,0,2123,0,14099,0,2475,0,61,0.9714439764008445,23340
b046940f-1664-3047-bca7-dfa76be352a4,Blue Cross Blue Shield,PRIVATE,,,,,,9403565.92,2931515.80,5842710.00,2383,0,937,0,5716,0,1071,0,126,0.3811464692606346,21864
d31fccc3-1767-390d-966a-22a5156f4219,UnitedHealthcare,PRIVATE,,,,,,10781014.54,2569914.33,6481155.00,3341,0,1024,0,7729,0,1583,0,44,0.9600378549803691,13044
0133f751-9229-3cfd-815f-b6d4979bdd6a,Aetna,PRIVATE,,,,,,4923050.06,3278376.35,968214.68,2763,0,912,0,6366,0,876,0,67,0.9139579806250626,9600
8fa6c185-e44e-3e34-8bd8-39be8694f4ce,Cigna Health,PRIVATE,,,,,,4702840.79,2950019.06,1214909.52,2562,0,1177,0,5720,0,929,0,70,0.8939866218870365,9096
734afbd6-4794-363b-9bc0-6a3981533ed5,Anthem,PRIVATE,,,,,,2571681.99,849200.97,1275571.95,1166,0,448,0,2597,0,585,0,62,0.9153373350901872,4560
e03e23c9-4df1-3eb6-a62d-f70f02301496,NO_INSURANCE,NO_INSURANCE,,,,,,0.00,47094703.28,0.00,0,14346,0,5560,0,34692,0,5214,155,0.9736615617428068,57420
